FID,行政区划_c,FIRST_行政,ename,idx,name,y2001,y2002,y2003,y2004,y2005,y2006,y2007,y2008,y2009,y2010,y2011,y2012,y2013,y2014,y2015,y2016,y2017,intercepts,coef,Average
0,阿坝藏族羌族自治州,四川省,000city,103,000city,2396.2427,2326.9817,2234.3882,2248.9875,2130.9243,2148.4414,2089.3606,2164.022,2261.4653,1957.2489,1912.52,2210.6855,1967.0371,2064.2957,2006.9541,1921.6877,2026.0304,2300.351177,-22.34335896,2121.600098
1,阿克苏地区,新疆维吾尔自治区,001city,356,001city,2572.7058,2563.2236,2136.8477,2230.268,2377.306,2028.7987,2153.1428,2017.3951,2878.6692,1704.5194,1768.2239,2246.403,1907.001,1433.154,1640.3696,1800.0154,1625.3433,2498.962283,-54.40420742,2063.729981
2,阿拉尔市,新疆维吾尔自治区,002city,357,002city,2137.7378,2538.0425,2215.3765,2585.8384,3712.957,2117.4685,2061.813,1895.2283,3355.9644,1543.5405,1880.2347,1958.188,1919.7207,2122.219,2199.2715,1978.1257,1454.7434,2611.630192,-49.42090741,2216.26001
3,阿拉善盟,内蒙古自治区,003city,338,003city,4599.4614,4611.874,4483.5024,4695.867,4768.222,4655.881,4564.519,4346.126,4452.531,4284.0522,4382.715,4351.813,4770.942,4686.8633,4691.2188,5100.1704,4941.0674,4492.84869,14.76763198,4610.990234
4,阿勒泰地区,新疆维吾尔自治区,004city,358,004city,2926.2058,2859.933,2895.3794,2880.4658,2752.168,2823.898,2664.4253,2767.2437,2613.123,2388.1528,2318.6738,2379.3342,2262.0554,2498.7134,2432.8862,2443.3596,2194.6826,2943.505036,-43.66827512,2594.159912
5,阿里地区,西藏自治区,005city,335,005city,3136.0906,2874.434,3100.1318,3341.7102,2923.9258,3054.9941,3090.1,2920.8105,3070.2607,3201.4617,3036.0337,2978.5781,2944.0283,2986.1426,2961.1333,3373.6133,3067.8755,3055.364483,0.883295994,3062.429932
6,安康市,陕西省,006city,192,006city,2802.3845,1956.6165,1968.7573,1684.9224,1584.0781,1297.3082,1402.707,1222.8191,1323.1611,1008.7857,1017.4071,953.7062,842.3495,802.0171,725.1302,770.0421,649.89856,2125.898496,-103.8837039,1294.829956
7,安庆市,安徽省,007city,193,007city,1392.1306,1366.7628,1320.4427,1326.4371,1249.7622,1287.3005,1003.96027,965.00696,1201.418,1055.4182,729.01245,619.65857,674.41956,652.6607,614.0735,627.9054,554.3855,1454.256998,-59.42363111,978.867981
8,安顺市,贵州省,008city,194,008city,4063.5042,3805.3328,3754.0293,3647.583,3891.9163,2843.9084,2551.0713,2108.329,2830.2175,2706.9446,2356.9001,1743.9481,1449.3125,1179.3372,1085.4441,1067.9712,897.6763,4150.023433,-210.051268,2469.610107
9,安阳市,河南省,009city,195,009city,1365.3926,1446.4271,1416.2059,1191.7864,1193.7465,1217.6476,870.3404,999.595,937.1721,1044.7183,803.3065,780.2551,769.885,687.3951,720.6517,807.93567,529.61523,1397.916411,-51.34193286,987.1810303
10,鞍山市,辽宁省,010city,196,010city,1350.495,1615.6932,1290.419,1424.9187,1281.9395,1459.7915,1061.9133,1456.0634,950.86346,1103.3615,981.6592,899.31604,803.3199,905.4344,881.25397,982.95557,808.4938,1484.321049,-43.93798963,1132.819946
11,巴彦淖尔市,内蒙古自治区,012city,339,012city,3905.1719,3892.0664,3554.8267,3351.8157,3150.0835,3122.7327,2877.8628,3059.7751,2923.9854,2258.948,2321.3452,2244.547,2848.688,3022.1333,3119.412,3350.3604,3119.5854,3460.030446,-49.24395572,3066.080078
12,巴音郭楞蒙古自治州,新疆维吾尔自治区,013city,359,013city,2999.221,2906.9023,2863.148,3104.0635,2932.9036,2815.608,2970.896,2878.4697,2919.3108,2661.3208,2831.5334,2499.0544,2886.3687,2625.7627,2840.417,2936.0105,2719.2827,2967.96336,-15.18458946,2846.48999
13,巴中市,四川省,014city,104,014city,2742.123,1962.9745,1946.9102,1649.1533,1627.4083,1688.0674,1215.5242,1237.1631,1500.8444,1357.0201,1119.0931,880.39087,863.10474,806.4791,733.7859,676.5535,646.17303,2172.082719,-104.9458635,1332.52002
14,白城市,吉林省,015city,197,015city,5102.2393,4930.34,4961.5186,5082.102,4424.0815,4745.1855,4903.509,5055.4775,4876.151,3584.6812,3574.0767,3785.6384,3552.0215,4291.7427,3862.1685,4100.1963,4255.749,5076.235313,-82.42001582,4416.879883
15,白沙黎族自治县,海南省,016city,198,016city,1367.8997,1149.4108,1173.478,1218.941,1064.7935,1268.1923,1104.2374,1109.5697,1063.3508,1156.2054,962.0498,1000.7,835.44946,791.4294,920.4175,908.8738,716.5217,1292.997195,-30.65758858,1047.73999
16,白山市,吉林省,017city,199,017city,1624.8611,1492.5256,1554.475,1521.221,1408.9017,1241.8386,1107.1895,876.42224,960.01434,1059.2998,1013.9923,942.4192,903.5664,887.31506,1038.0835,963.00415,672.3086,1535.693708,-50.28937486,1133.380005
17,白银市,甘肃省,018city,200,018city,3785.9067,3582.0142,3410.6147,3663.866,3350.4336,3287.8164,2896.3638,2989.0603,3405.0852,2642.2212,2710.4478,2900.5728,2820.596,2575.2075,2968.6924,3097.1147,2786.9546,3570.576383,-57.55022595,3110.169922
18,百色市,广西壮族自治区,019city,383,019city,2409.8071,1832.8235,1780.9526,1828.0566,1963.0991,1848.465,1424.489,1283.4113,1268.4407,1033.4025,1115.5415,1215.8828,1101.9979,873.7525,984.9214,907.2986,927.5371,2068.514419,-83.56519048,1399.98999
19,蚌埠市,安徽省,020city,201,020city,2390.231,1912.1414,1959.5795,1785.337,1734.1484,1555.4409,1110.1084,1358.0852,1550.0348,1058.3473,920.4385,1130.0051,883.2077,783.9911,809.0674,703.2746,784.15137,2075.733787,-94.55797637,1319.27002
20,包头市,内蒙古自治区,021city,340,021city,5468.069,5041.1494,4236.5557,4457.0664,4484.837,4037.8713,3989.8315,3666.9238,4122.5635,3939.6418,3524.4087,3154.4478,3594.046,3705.1794,3554.8403,3790.4412,3627.6584,4772.276927,-93.62629969,4023.27002
21,宝鸡市,陕西省,022city,202,022city,2613.2217,2244.8928,2432.9202,2219.7131,1896.5627,1680.1187,1839.7314,1365.1,1507.1187,1460.7324,1431.8739,1089.9907,1254.2616,1175.6381,1184.3645,1247.2605,1161.9031,2348.658189,-89.13077321,1635.609985
22,保定市,河北省,023city,117,023city,2362.2124,2253.912,2324.418,2110.9236,2003.651,2076.901,1721.3306,1628.0312,1670.6162,1658.8154,1522.0339,1467.5251,1382.6272,1468.6448,1339.8441,1391.544,1083.5812,2322.830013,-73.68748923,1733.329956
23,保山市,云南省,024city,203,024city,2065.705,1613.7699,2024.439,1993.3823,1627.4163,1445.1697,1173.4392,1079.9247,1208.285,892.84076,770.3394,872.1024,771.2598,875.25354,695.06946,727.5048,637.9766,1936.299787,-91.49425282,1204.349976
24,保亭黎族苗族自治县,海南省,025city,204,025city,650.67566,607.0348,669.92236,569.795,785.90594,781.2881,734.854,660.4663,649.41296,500.6576,518.56604,585.95764,525.07275,499.7307,572.4386,642.0631,525.0702,693.2022238,-9.599456338,616.4069824
25,北海市,广西壮族自治区,026city,384,026city,1684.5841,1597.4956,1591.0809,1733.2526,1844.2717,1705.1742,1294.5154,1089.9832,1064.1454,943.84955,773.4577,1089.9431,719.81494,721.83496,809.8921,504.94427,356.39288,1845.554455,-87.13083215,1148.51001
26,北京市,北京市,027city,316,027city,1000.93567,1008.06384,909.4822,699.93506,748.15454,909.67676,666.2592,504.51172,603.71857,568.5836,464.72116,373.149,307.92807,328.85248,282.92474,308.98276,293.2472,976.7981567,-48.72383903,587.007019
27,北屯市,新疆维吾尔自治区,028city,360,028city,2439.2393,2383.2244,2188.9844,2694.7476,2319.206,3014.2888,3733.421,3746.5325,2763.2153,2117.7446,2325.2668,2486.8062,1683.7594,2043.7748,1680.6794,1330.3564,1094.3849,3002.741757,-80.88954522,2355.629883
28,本溪市,辽宁省,029city,205,029city,899.24243,894.4931,717.2384,765.3844,817.0138,773.8666,532.50757,703.2143,574.65704,636.4121,463.34006,511.90814,342.53525,227.88559,272.01544,241.55956,232.75003,920.9471358,-44.48586412,565.0599976
29,毕节市,贵州省,030city,206,030city,5488.893,5472.334,5737.9683,4757.9937,4947.6416,4603.8643,4320.699,3625.9375,4229.251,3653.3716,3839.2705,3534.1282,2399.5176,2207.2773,1959.5969,1589.9722,1351.8193,5905.738592,-269.6913231,3748.209961
30,滨州市,山东省,031city,53,031city,1132.7179,979.253,940.2739,916.01483,900.11957,804.66565,862.4656,852.6771,850.3318,842.8624,803.93274,795.57416,854.07776,625.41077,610.9236,622.20953,558.0713,1033.69934,-26.6272586,820.6810303
31,亳州市,安徽省,032city,207,032city,2560.8057,2012.8477,2038.2799,2152.8164,1797.4854,1788.8496,1297.4819,1381.8208,1702.5114,1248.209,1050.732,1156.4154,1081.0537,992.11615,916.26013,892.05835,836.0202,2240.918834,-96.98423902,1465.040039
32,博尔塔拉蒙古自治州,新疆维吾尔自治区,033city,361,033city,2894.8984,2370.27,2337.2402,2405.5903,2060.6091,2492.7505,2144.9785,2439.1294,2414.8704,1764.631,1574.9896,1376.3903,1460.8799,1422.0674,1515.5822,1320.4504,1195.8025,2704.410434,-93.99887683,1952.420044
33,沧州市,河北省,034city,118,034city,1345.0432,1609.9135,1614.9476,1404.1448,1361.6025,1426.2777,1269.0889,1271.6604,1171.2404,1197.245,1103.8518,1092.3971,779.54846,860.3806,901.8152,756.325,668.7516,1600.402282,-54.21033149,1166.719971
34,昌都市,西藏自治区,035city,336,035city,2618.5527,2396.9011,2654.6929,2711.4688,2388.0378,2462.6543,2725.0278,2610.3228,2649.0886,2549.5737,2417.8696,2546.8972,2477.3665,2790.4478,2690.1519,2687.6475,2667.8108,2532.580777,7.284106685,2590.850098
35,昌吉回族自治州,新疆维吾尔自治区,036city,362,036city,1776.916,1646.9924,1424.7472,1805.8667,1623.7769,1915.3627,1337.1294,1700.6824,1550.4675,1024.7404,913.83093,985.0873,889.7807,875.3269,916.6835,816.20337,771.4108,1857.549235,-70.61273522,1292.650024
36,昌江黎族自治县,海南省,037city,208,037city,1621.6887,1050.701,1112.7583,1129.2491,1688.7216,1559.8704,1012.32434,950.9284,797.3038,937.2456,674.45844,766.5092,711.235,638.1957,825.86865,738.39685,549.4345,1415.978067,-53.72601139,986.1699829
37,常德市,湖南省,038city,209,038city,1451.1697,1273.8848,1364.9082,1200.3479,1218.7418,1035.2476,1015.60547,1003.305,1079.0144,904.81384,879.24194,879.2876,749.2496,651.6991,650.83167,529.4591,538.10095,1402.647558,-54.5595582,966.1710205
38,常州市,江苏省,039city,210,039city,1500.8894,1510.5391,1536.584,1462.0083,1318.0928,1380.6615,1225.8661,1126.3231,1243.772,1137.561,1120.644,1053.4431,947.02405,832.7526,857.41486,978.45294,844.53125,1550.815251,-46.23014084,1180.969971
39,朝阳市,辽宁省,040city,211,040city,5023.744,5810.966,5136.8906,4910.6387,4201.3667,4284.7153,3380.3562,3589.9146,3335.9216,2855.983,2818.6582,2129.4739,2397.494,2578.6133,2959.814,2810.2158,2704.9524,5149.13467,-195.6292013,3584.100098
40,潮州市,广东省,041city,15,041city,1190.6609,1333.2806,1047.3027,1075.8723,981.4458,1038.9445,872.90076,1035.4934,926.4829,683.8906,766.3508,623.5824,552.5631,601.5858,656.6631,513.868,530.8053,1226.498088,-47.19687084,848.9229736
41,郴州市,湖南省,042city,212,042city,1401.6082,1339.6216,1167.2456,1231.4648,1419.5386,1273.3872,1194.8402,1327.7697,1626.4233,1100.1959,847.43884,881.94946,759.238,680.86926,611.5178,573.37445,549.3528,1509.10817,-56.38972937,1057.98999
42,成都市,四川省,043city,105,043city,1570.7319,1327.9728,1289.1244,1043.8766,990.0608,1180.1183,1388.283,1283.8765,1131.9792,1090.9541,1201.321,1202.1772,1241.3196,935.95825,1149.791,1005.32227,1010.5898,1328.26053,-18.65420801,1179.030029
43,承德市,河北省,044city,119,044city,3839.2683,3859.9944,3186.9546,2949.875,2622.8076,2731.4614,2279.0686,2069.5515,1867.7101,1559.9413,1486.5511,1593.7092,1324.0988,1255.6255,1290.0236,1199.0546,1175.8883,3516.940025,-172.7676218,2134.800049
44,澄迈县,海南省,045city,213,045city,1290.7537,1368.9227,1241.0977,1225.6001,1413.1649,1308.3914,1212.0317,1036.2356,876.8917,940.84265,832.24536,792.4607,739.3079,716.8222,809.8436,748.78766,649.6133,1398.209931,-48.28349962,1011.940002
45,池州市,安徽省,046city,214,046city,979.04785,880.2123,812.90857,783.9071,657.9579,690.7022,488.4047,467.53778,484.38135,470.22266,351.9722,357.0858,318.02527,317.2373,261.98776,250.6374,272.96118,879.6258635,-44.91507642,520.3049927
46,赤峰市,内蒙古自治区,047city,341,047city,5375.566,5542.1475,5269.2925,5271.4263,4936.743,4954.4917,4850.56,4717.1143,4716.9316,4255.2715,4150.629,3374.4487,3663.2974,4221.514,4096.119,4243.695,4122.0303,5419.323625,-105.6413514,4574.189941
47,崇左市,广西壮族自治区,048city,385,048city,2064.7344,2557.2043,2183.2659,2578.986,2292.8481,2392.9663,1525.9385,1286.416,1398.1067,889.35144,859.6011,1335.5962,916.35724,1006.8819,987.83307,1020.6786,880.25385,2435.363031,-111.9422932,1539.819946
48,滁州市,安徽省,049city,215,049city,2325.3174,1979.3875,1665.3036,1881.0173,1580.5702,1636.834,1162.2417,1196.9133,1310.6078,724.0969,604.6903,875.2068,465.23798,423.5948,459.33182,426.04813,405.27042,2087.369288,-120.3206471,1124.800049
49,楚雄彝族自治州,云南省,050city,216,050city,3417.9272,2607.899,2879.6633,2722.0183,2835.482,2209.879,1892.3755,1984.4423,1941.837,1923.2319,1532.4863,1911.6854,1661.6176,1825.4252,1508.7322,1228.8938,1021.7152,3004.279304,-117.407626,2065.02002
50,达州市,四川省,051city,106,051city,2261.8901,1569.5804,1407.8115,1270.6503,1233.416,1269.9893,1053.9086,1029.6161,1171.1268,1092.0667,976.2926,888.50885,761.15295,721.8403,684.038,669.0691,619.9938,1680.285691,-72.67577497,1098.880005
51,大理白族自治州,云南省,052city,217,052city,2078.221,1678.9868,2006.8608,2115.5405,1725.0203,1572.7587,1369.1597,1270.4902,1267.8131,1110.4917,1029.3203,1277.7063,1031.763,1076.9874,1023.2146,937.92773,831.96124,1979.660153,-75.36764167,1376.719971
52,大连市,辽宁省,053city,218,053city,2173.8809,2609.7515,2211.1946,1881.6646,1782.4941,1998.8296,1557.3746,1661.9215,1676.1833,1650.2253,1622.4486,1342.6633,1163.2234,1238.5354,1266.4935,1248.8888,1307.6102,2251.908543,-72.71369066,1670.199951
53,大庆市,黑龙江省,054city,323,054city,1981.4707,1747.8611,1783.7103,1647.9663,1473.9353,1624.6147,1688.0527,1501.6528,1410.6324,1533.354,1482.3247,1496.647,1947.531,1550.1003,1626.092,1653.4143,1494.8547,1721.39243,-11.9077699,1626.130005
54,大同市,山西省,055city,54,055city,3924.4707,3890.6257,3393.1868,3415.6934,3030.833,3401.105,3438.9705,3007.9556,2761.4778,2142.1702,2401.936,2337.225,2448.1982,2497.8633,2208.0156,2449.7053,2254.0205,3737.698285,-106.892781,2882.560059
55,大兴安岭地区,黑龙江省,056city,324,056city,2069.6533,1788.7113,2640.706,2173.8809,1944.6405,2075.8818,1945.75,1842.9355,2026.1508,1883.6777,1975.815,1754.9832,2030.1915,1684.9498,1929.0747,1852.2158,1500.4783,2170.627851,-27.80130364,1948.219971
56,丹东市,辽宁省,057city,219,057city,1050.6593,1234.2567,1138.8013,838.88086,972.2202,1077.3618,583.5621,1164.4393,812.67615,582.5073,655.21405,668.7394,349.67618,639.3424,409.9955,583.20605,383.1642,1154.051415,-47.60420003,773.2180176
57,儋州市,海南省,058city,220,058city,1643.599,1482.1323,1536.4797,1407.3185,1652.4199,1440.966,1131.2251,1201.4497,926.62476,1106.4467,1105.7437,919.62994,904.57477,849.0422,912.19385,796.9541,753.3117,1617.006525,-56.75734636,1162.949951
58,德宏傣族景颇族自治州,云南省,059city,221,059city,1379.8315,1103.2634,1337.95,1207.1592,1089.9796,1045.7145,810.9534,703.3706,824.43134,646.05896,623.90137,679.6688,608.64764,672.1432,571.11365,613.98883,530.1848,1260.748175,-51.35557451,849.9039917
59,德阳市,四川省,060city,107,060city,1646.8447,1433.429,1442.9531,1308.9241,1177.4252,1365.134,1463.6273,1300.3535,1231.1218,1032.2083,1126.5227,1219.4741,1322.5557,1022.3488,1305.5785,1127.0619,1075.8655,1462.208319,-23.94200927,1270.670044
60,德州市,山东省,061city,55,061city,1422.185,1660.8263,1692.5842,1487.1753,1575.1897,1484.3323,1313.6008,1381.3242,1135.5151,1246.6381,1091.6333,1124.6011,850.0982,933.7045,965.0364,904.5099,738.9219,1675.975903,-55.02730889,1235.76001
61,迪庆藏族自治州,云南省,062city,222,062city,2724.5845,2767.4111,2809.2517,2949.7507,2955.7056,2748.5244,2618.7556,2748.2666,2640.621,2581.2952,2286.7012,2553.6255,1985.8723,2444.9258,2403.723,2710.5571,2559.4204,2851.738693,-29.34239765,2617
62,定安县,海南省,063city,223,063city,1457.2516,1784.6982,1468.0463,1451.783,1756.9883,1721.0402,1473.0182,1292.3528,1122.5024,1132.4646,1017.2859,950.50366,786.2897,857.36487,910.63354,905.0975,712.7945,1727.363352,-62.9783961,1223.540039
63,定西市,甘肃省,064city,224,064city,6298.8677,6210.8696,6077.701,6316.0454,5448.87,5250.7124,5262.308,4867.2676,5344.483,4306.5283,4638.1855,3386.377,3192.5752,3115.321,3292.768,3893.1763,3037.2034,6495.594865,-224.1606834,4702.310059
64,东方市,海南省,065city,225,065city,1733.7471,1190.4258,1347.1472,1273.8293,1734.7834,1652.5896,1058.9983,1093.9712,767.49927,822.7932,688.8172,712.3762,680.23047,538.65485,764.57025,668.7538,408.03293,1586.094196,-72.25280298,1008.070007
65,东莞市,广东省,066city,16,066city,615.01263,536.7595,542.05133,641.2519,560.5984,584.14124,680.4306,621.1485,711.00757,623.59125,570.82697,559.4782,532.0259,549.4614,607.3808,447.24243,518.76776,619.0613128,-4.579896515,582.4219971
66,东营市,山东省,067city,56,067city,1437.3491,1362.2405,1177.6292,1114.4464,1213.7139,1186.0658,1145.718,1189.9674,1226.0941,1216.3088,1172.9583,1139.8899,1090.1622,917.56323,838.0055,804.1757,789.0355,1367.274567,-31.04664776,1118.900024
67,鄂尔多斯市,内蒙古自治区,068city,342,068city,3639.5562,3311.6948,2910.148,2621.3857,2184.8235,1995.992,1849.8076,1353.4758,1591.1724,1067.9778,857.29614,559.3718,922.1365,979.9905,1125.2407,1173.2892,1046.3035,3016.301882,-162.4078677,1717.040039
68,鄂州市,湖北省,069city,226,069city,869.16144,1010.9966,903.39465,1029.4526,991.7462,1032.7825,941.277,910.69794,862.2622,696.88074,414.31635,487.88965,317.43445,302.1715,269.72452,521.205,261.59933,1113.649142,-52.27237312,695.4699707
69,恩施土家族苗族自治州,湖北省,070city,227,070city,3137.3962,1966.1804,1949.3302,1388.5912,1398.4642,1311.1398,1388.2821,1445.3206,1488.3094,1202.7864,1285.9363,1304.3748,970.39984,944.9656,795.3409,837.65405,783.355,2134.261525,-93.26925749,1388.109985
70,防城港市,广西壮族自治区,071city,386,071city,1302.8691,1232.3181,1175.9698,1265.6929,1168.9319,1146.2347,1048.1023,839.22644,888.87256,707.5475,681.1959,821.998,669.98236,527.3123,728.8055,741.24,608.6609,1291.470253,-47.05907335,914.9979858
71,佛山市,广东省,072city,17,072city,973.3839,932.3275,882.32996,882.9419,907.6667,871.5411,956.88086,866.0251,886.52277,878.002,744.4018,895.6998,820.8135,755.52356,880.53143,744.4221,670.06354,955.3908608,-12.44534646,855.8280029
72,福州市,福建省,073city,228,073city,847.61035,898.7939,755.0505,940.30914,796.3418,740.6611,681.5308,599.54193,632.01276,515.5848,550.31885,476.94824,415.71887,425.3454,412.30075,368.67398,293.76227,911.4601662,-37.82586363,608.8530273
73,抚顺市,辽宁省,074city,229,074city,1143.4615,974.96826,901.7792,898.99207,1088.2705,1066.7977,598.2418,763.172,750.6785,740.2929,731.87317,755.927,525.2324,449.79852,480.88602,420.99396,367.91974,1093.563104,-43.61240731,744.6640015
74,抚州市,江西省,075city,230,075city,1524.4747,1175.203,1013.07886,1181.6672,1022.556,1056.5297,953.88586,968.7492,928.2184,776.8426,757.70276,748.46436,720.7306,710.3663,682.8799,610.78534,647.07135,1263.945847,-44.1755389,910.5419922
75,阜新市,辽宁省,076city,231,076city,5203.157,6202.701,5956.84,5187.756,5233.258,4540.038,3854.1382,4315.505,4146.816,4199.327,3985.9119,3341.5266,3967.5728,4228.532,4545.623,4521.9097,4634.944,5338.867451,-93.34698905,4592.089844
76,阜阳市,安徽省,077city,232,077city,2058.0005,1507.27,1799.6418,1730.4551,1552.3672,1503.8638,1139.9296,1183.4075,1340.6776,1052.2798,909.22186,909.57513,897.2362,812.4104,761.19196,707.16046,711.47296,1841.535847,-78.89667346,1210.359985
77,甘南藏族自治州,甘肃省,078city,233,078city,3697.9458,3701.1987,3585.6182,3455.3657,3104.583,3188.3203,3150.1118,3200.5996,3130.1284,3020.2126,2984.243,2827.3003,2836.734,2747.937,2825.5264,2757.4917,2614.5217,3618.061409,-63.81768978,3107.52002
78,甘孜藏族自治州,四川省,079city,108,079city,2847.2554,2737.0037,2877.8926,2815.208,2625.9812,2653.3545,2700.3052,2746.4492,2742.012,2590.3943,2530.886,2660.2354,2592.5732,2677.186,2596.5466,2638.1426,2624.58,2792.696385,-13.38112266,2685.649902
79,赣州市,江西省,080city,234,080city,1332.04,1124.8713,971.09985,1111.5476,1173.2032,1003.55774,940.7622,979.64905,935.3718,813.9491,768.291,741.1949,656.4657,669.865,605.328,579.66516,528.2497,1231.761287,-44.15316488,878.5360107
80,固原市,宁夏回族自治区,081city,374,081city,7427.04,6619.617,6456.7646,6720.152,6200.971,6157.521,6382.308,5928.738,5832.838,4813.214,5358.8223,4515.434,4219.457,4164.173,4334.809,4907.6943,4370.2534,7082.227731,-191.0887116,5553.52002
81,广安市,四川省,082city,109,082city,2280.624,1620.2687,1436.1826,1385.6167,1284.5657,1910.0916,1128.8105,1003.4585,1352.9718,1179.9318,1015.75775,914.66455,774.6248,781.3792,791.6023,673.89386,608.59985,1811.652858,-78.34598825,1184.890015
82,广元市,四川省,084city,110,084city,3276.081,2015.5574,2131.8555,1526.0134,1461.7722,1519.2764,1468.7373,1198.5107,1183.2826,1097.2635,867.9568,918.1079,843.4849,776.2577,681.59686,668.4503,638.7478,2262.295405,-119.0152169,1310.170044
83,广州市,广东省,085city,19,085city,727.36584,663.5295,626.7672,713.28644,695.41376,688.12915,599.3831,583.62897,534.8306,527.5084,420.45035,393.00687,311.397,416.2067,341.51495,107.77418,158.47334,784.3089914,-35.47490036,500.5100098
84,贵港市,广西壮族自治区,086city,387,086city,1543.635,1379.5393,1239.1846,1544.8589,2009.1812,1473.8778,1265.9017,1165.7467,1007.4132,863.3951,994.29083,1144.7688,743.8274,614.27795,623.11115,618.0332,534.8106,1665.536448,-70.20783982,1103.869995
85,贵阳市,贵州省,087city,235,087city,2322.003,1823.3152,1853.4128,1735.6365,1941.4996,1402.2954,1381.0216,1186.8455,1434.892,1412.2446,1456.9005,939.1529,978.2122,964.16846,923.4185,904.78467,716.7096,2033.418148,-82.29114353,1375.089966
86,桂林市,广西壮族自治区,088city,388,088city,1309.0371,1057.3329,958.7419,972.03406,1263.44,1027.2328,941.51,927.54065,912.3802,741.3933,692.4236,671.8948,638.44446,550.1792,433.3935,474.40808,494.86768,1221.652395,-49.27821051,827.427002
87,果洛藏族自治州,青海省,089city,1,089city,4108.0356,4293.618,4316.5215,4194.353,3938.8154,4204.5317,4183.413,3994.4143,3884.289,4191.4326,4048.481,3881.2148,3986.8672,3929.059,4162.9585,4125.55,3884.5146,4197.005735,-14.86049936,4078.120117
88,哈尔滨市,黑龙江省,090city,325,090city,1464.5186,1333.8226,1602.4294,1460.1887,1216.5973,1547.5461,1227.9814,994.0077,708.2923,886.6353,932.08356,828.86804,773.9085,813.42957,752.81104,813.31104,614.8053,1515.930603,-57.34987999,1057.130005
89,哈密市,新疆维吾尔自治区,091city,363,091city,5802.177,5530.829,5080.9316,6062.7173,5461.457,5484.768,5994.6313,6260.4736,5878.2407,5294.7275,5300.596,5316.055,5749.4224,5452.6675,5374.6963,5326.4253,5998.9336,5665.917165,-6.991487391,5609.990234
90,海北藏族自治州,青海省,092city,2,092city,3591.8892,3216.2222,3233.6335,3031.9634,2887.6675,3022.6106,2976.9792,2948.0525,2907.7998,2538.4033,2656.17,2727.394,2789.1658,2498.8364,2521.9385,2681.9878,2540.377,3288.857637,-52.49624454,2868.889893
91,海东市,青海省,093city,3,093city,5119.806,4929.0938,4822.671,4732.75,4512.9487,4696.9414,4304.455,4097.3833,3778.6821,3380.8286,3476.2256,3291.9487,3450.2808,3143.8667,3385.823,3237.1191,3067.5823,5057.862736,-136.4357372,3966.379883
92,海口市,海南省,094city,236,094city,1284.9445,1362.8119,1383.9728,1274.1449,1401.6521,1366.7325,1140.4922,891.80347,825.947,932.1073,921.284,926.10864,706.03503,871.2982,1062.542,890.2096,607.982,1386.654721,-42.08133922,1050
93,海南藏族自治州,青海省,095city,4,095city,3830.5134,3532.359,3733.1475,3544.8398,3430.378,3744.2063,3554.33,3450.403,3419.484,3347.1882,3339.176,2925.2097,3277.4316,3326.2173,3415.9888,3307.1956,3129.9312,3700.062002,-33.77246154,3429.879883
94,海西蒙古族藏族自治州,青海省,096city,5,096city,3056.6567,2835.9304,2872.3645,2808.179,2651.233,2763.018,2671.0486,2682.7126,2590.7888,2479.4673,2506.1047,2406.0437,2484.2632,2341.4678,2366.6975,2483.3403,2255.1455,2927.119576,-40.48949358,2603.199951
95,邯郸市,河北省,098city,120,098city,1484.4316,1419.3105,1561.9597,1331.9554,1316.7175,1417.7971,1061.3821,1079.2482,1162.0609,1141.1233,1048.6138,884.63916,886.1824,751.2927,850.11584,898.39136,560.85266,1530.645922,-52.68313479,1109.180054
96,汉中市,陕西省,099city,237,099city,2379.5942,1567.1055,1894.3007,1482.0842,1386.2101,1288.5354,1333.9053,1175.2281,1180.8104,1063.7977,1004.2351,894.20996,802.58014,702.1124,661.4147,676.3871,591.87555,1889.713329,-88.53485287,1181.430054
97,杭州市,浙江省,100city,37,100city,989.06525,944.14404,873.2534,818.0596,743.1332,822.6282,693.6373,707.5596,679.99097,685.67786,540.95514,505.67722,577.50653,463.11658,482.72174,566.9535,455.39523,933.6594196,-31.7848151,679.3809814
98,合肥市,安徽省,101city,238,101city,1881.0757,1632.7368,1498.0378,1572.3545,1301.0127,1490.6088,1098.3701,1076.7902,1315.4006,1026.5442,815.3569,866.55725,769.02,665.4678,716.8558,732.0114,667.1783,1710.398374,-73.17201158,1125.02002
99,和田地区,新疆维吾尔自治区,102city,364,102city,3414.5745,3342.3699,3185.4907,3405.5864,2988.0308,3217.651,3331.5254,3018.752,2989.826,2863.3586,2818.435,2430.376,2977.816,2645.9207,2741.166,2903.5964,2466.901,3390.695408,-50.73857326,2984.790039
100,河池市,广西壮族自治区,103city,389,103city,2346.1587,1603.0751,1666.7998,1621.6921,2206.9302,1759.7776,1213.8281,1235.8423,1199.2665,1083.3877,953.91034,1391.3452,1083.2673,831.006,951.6084,972.18756,929.5608,1949.308719,-74.18091583,1355.859985
101,河源市,广东省,104city,20,104city,1019.37854,996.62286,917.75085,904.4231,802.8248,827.88434,710.3173,773.9867,787.67926,648.4872,600.16125,676.51056,570.8785,526.7338,574.3079,499.95554,555.0439,981.3139254,-31.53963448,728.9970093
102,菏泽市,山东省,105city,57,105city,1763.8934,1810.4274,1930.2036,1917.2018,1771.947,1503.0548,1282.7759,1383.6733,1246.0325,1222.9457,1100.4624,1111.0918,1107.2844,956.3314,912.2864,1046.895,793.37,1901.182229,-69.56044904,1344.699951
103,贺州市,广西壮族自治区,106city,390,106city,1208.2891,1023.1917,851.4338,872.45575,1093.3762,842.8706,741.6786,787.9475,809.3851,674.4557,684.0294,775.9712,622.4212,565.55554,489.19482,522.90295,487.47116,1067.601933,-37.47501897,767.802002
104,鹤壁市,河南省,107city,239,107city,1294.3333,1363.3892,1354.0085,1110.2554,1037.5696,1082.0707,665.09863,802.45056,764.35864,806.7127,653.74225,646.9441,610.50616,493.97736,548.2207,614.2228,388.23645,1297.047667,-57.45377514,837.4169922
105,鹤岗市,黑龙江省,108city,326,108city,1878.7529,1728.5898,2160.3748,1933.7627,1944.4968,1959.616,1927.9191,1365.6606,1412.309,1166.554,1424.0104,1386.4761,1247.7357,1277.2019,1310.6333,1346.2944,1089.1675,2015.020728,-56.58674592,1562.329956
106,黑河市,黑龙江省,109city,327,109city,2549.4023,2498.124,2944.5854,2246.3625,2233.4077,2562.5757,2352.518,2013.6755,1718.4987,1678.8982,1609.4382,1545.3179,1601.696,1708.2307,1750.0524,1865.2089,1655.9607,2596.808101,-70.67488756,2031.410034
107,衡水市,河北省,110city,121,110city,1924.4249,2076.416,2251.9497,1952.6238,1911.0897,2217.6104,1870.5391,1859.0706,1623.5698,1741.849,1612.6863,1485.0991,1255.9667,1396.1665,1521.3925,1325.2799,1277.9777,2175.632322,-56.48557296,1723.75
108,衡阳市,湖南省,111city,240,111city,1388.2043,1285.6361,1328.202,1132.3354,1275.2587,1067.4341,1182.8396,998.5916,1186.1458,1046.4459,781.9686,774.9779,816.1832,652.51,645.8292,579.25464,630.8657,1397.693137,-51.3830912,986.6279907
109,红河哈尼族彝族自治州,云南省,112city,241,112city,2056.1428,1696.0793,1718.328,1643.1244,1661.9395,1300.7222,1208.4492,1240.4784,1429.4915,1237.6008,1214.589,1476.0323,1106.2964,1204.7311,1003.30536,1024.0049,850.4784,1798.716851,-55.19406577,1357.160034
110,呼和浩特市,内蒙古自治区,113city,343,113city,3968.567,3505.8633,2434.7114,2427.5605,2159.8586,2378.2202,2450.1672,1810.5813,2765.0664,2213.3315,1832.8892,1081.8202,1329.1173,1514.2938,1285.5149,1444.8141,1487.4972,3177.470756,-131.8171228,2122.929932
111,呼伦贝尔市,内蒙古自治区,114city,344,114city,3137.6885,2915.7266,3104.3247,2841.8672,2850.0962,2954.038,2734.5254,2650.2969,2490.1255,2304.1953,2332.306,2300.0735,2083.3762,2242.023,2409.1636,2443.3086,2374.179,3044.440119,-55.79535331,2598.080078
112,葫芦岛市,辽宁省,115city,128,115city,3605.8308,3793.6704,3379.2544,3244.9888,2858.8352,3262.644,2636.1592,2873.4248,2971.4053,2548.061,2363.0684,1973.0034,1825.4714,2065.2476,2248.8494,2140.5046,2045.1708,3590.573876,-111.7953413,2696.209961
113,湖州市,浙江省,116city,31,116city,1112.1328,919.8353,922.0294,862.40643,663.2201,879.4968,625.7182,845.12866,764.86316,670.9786,666.6056,606.40137,620.5144,400.13535,424.16855,588.64343,437.24817,982.8824433,-34.55496448,706.4429932
114,怀化市,湖南省,117city,129,117city,1714.5577,1316.3326,1323.8876,1217.3915,1332.9766,1280.7028,1122.9702,1028.7482,1073.6986,957.4026,893.5581,1007.63446,803.99426,723.36975,669.86194,606.3623,573.06836,1507.859339,-58.72861211,1038.030029
115,淮安市,江苏省,118city,130,118city,1323.2097,1078.27,1330.7528,1190.5353,1092.3625,1109.28,958.2102,1069.7407,877.5876,842.49,707.3745,814.4823,571.48474,622.37115,582.1372,605.24695,412.49033,1317.457562,-53.00553281,893.4130249
116,淮北市,安徽省,119city,131,119city,1705.6843,1827.355,1634.3867,1375.8118,1269.4165,1221.6748,976.5468,1048.7743,1169.9324,1015.3696,972.719,1023.5945,905.1153,838.88214,788.6372,772.4618,739.95306,1623.93528,-61.18076893,1134.48999
117,淮南市,安徽省,120city,132,120city,2380.7866,1825.183,1818.1156,1711.5781,1382.9298,1231.8674,947.56714,1140.8911,1115.2314,958.6938,749.0617,801.79565,656.80896,557.861,597.7412,600.4582,714.50665,1908.652636,-97.47071584,1128.890015
118,黄冈市,湖北省,121city,133,121city,1612.2603,1642.747,1531.6023,1571.8684,1433.4087,1371.892,1052.7454,1034.3594,1182.31,920.60187,705.323,663.73627,637.22266,543.5742,566.70844,526.131,499.96567,1691.229125,-82.75322559,1029.199951
119,黄南藏族自治州,青海省,122city,0,122city,4641.3774,4715.9814,4676.192,4435.705,4085.6807,4473.2456,4524.1353,4248.65,4226.235,4323.7236,4281.8145,3967.8213,4165.2246,4121.303,4125.2764,4037.899,3940.209,4623.774778,-41.27718817,4293.560059
120,黄山市,安徽省,123city,134,123city,990.92993,912.4397,826.7415,770.47235,681.528,722.248,535.7037,550.264,580.08716,542.3488,429.02676,444.2087,421.0161,459.72455,408.21353,471.3094,411.28824,869.8046725,-34.03771337,597.5029907
121,黄石市,湖北省,124city,135,124city,1029.2122,1060.6775,992.29004,1025.8732,1044.0254,1031.2859,842.80524,829.2158,722.47656,538.9193,298.11057,294.35266,333.43744,300.68347,243.40074,332.30817,242.74147,1165.253316,-63.58449113,656.5770264
122,惠州市,广东省,125city,9,125city,685.259,720.49347,658.7296,712.18604,601.21826,604.0325,509.56372,460.57538,481.90643,329.48032,374.20197,282.45245,268.7317,264.23236,282.71835,260.97238,236.99698,729.3399407,-34.30167748,454.927002
123,鸡西市,黑龙江省,126city,318,126city,1945.9403,2171.4126,2453.33,2361.2876,2178.6013,2389.011,2186.9924,1848.7324,1580.3308,1415.8259,1907.5927,1807.2676,1570.1134,1799.5432,1628.2144,1671.7678,1528.9756,2296.046131,-48.44003775,1908.530029
124,吉安市,江西省,127city,136,127city,1479.3068,1227.9878,1294.4808,1197.9102,1218.7792,1191.4247,1130.1431,1098.4219,1058.8633,904.8396,766.4503,778.09296,728.9823,704.4486,708.2861,589.09717,631.5896,1401.684533,-52.349506,982.8880005
125,吉林市,吉林省,128city,137,128city,1274.1421,1268.3835,1262.2283,1280.1766,1225.0477,1222.265,1052.0299,773.29456,532.04565,746.0651,724.6537,918.2143,878.72363,997.029,915.422,893.09436,740.7996,1244.717954,-32.76904491,982.565979
126,济南市,山东省,129city,43,129city,1565.8484,1808.0516,1708.5358,1353.162,1284.552,1105.2234,1007.89905,937.4144,842.7679,1079.9534,868.42474,683.0996,561.613,679.6953,651.0403,565.58606,424.3154,1631.723788,-78.03030964,1007.479981
127,济宁市,山东省,130city,44,130city,1259.7383,1191.3546,1203.5237,1052.7927,989.6687,801.7964,669.426,716.1296,603.7868,748.2915,721.97864,676.03296,517.0735,427.79895,511.461,361.48807,258.40085,1203.132176,-56.93018199,747.690979
128,济源市,河南省,131city,138,131city,1620.8146,1766.3647,1448.5518,1378.2008,1290.7747,1068.4729,1024.7333,976.6167,1080.7053,1060.5334,1061.4706,570.33527,1129.4348,746.50037,844.83594,798.8767,831.40454,1528.367721,-53.55606513,1099.920044
129,佳木斯市,黑龙江省,132city,319,132city,2573.5413,2222.844,2777.0957,2427,2196.396,2245.8875,2291.5098,1888.1377,1689.2832,1685.6345,1699.4462,1661.8013,1862.3003,1710.4808,1689.4395,1715.9191,1571.4083,2507.327804,-64.091527,1994.599976
130,嘉兴市,浙江省,133city,32,133city,1329.0238,1390.5951,1444.8264,1393.6661,1406.1447,1354.0381,1280.4734,1326.2994,1417.0891,1337.6508,1155.4565,1253.075,1266.3848,1111.6953,1213.6268,1276.9725,1290.9077,1406.700514,-12.24987643,1308.699951
131,嘉峪关市,甘肃省,134city,139,134city,872.1969,872.82855,1139.7731,986.607,1243.3496,631.83777,1199.4968,580.81824,858.3136,758.05945,1155.9646,973.0371,1387.1819,683.1016,1114.2202,1017.253,1241.8934,905.1175561,9.771576526,983.289978
132,江门市,广东省,135city,10,135city,830.037,645.58734,582.58936,691.14215,496.51007,495.8487,510.25012,435.77664,449.4148,246.28003,297.88702,358.8462,264.806,209.60306,227.85329,193.01112,144.17023,713.3718702,-37.11550511,416.447998
133,焦作市,河南省,136city,140,136city,994.47253,930.072,1044.0312,852.10876,792.1376,810.88947,592.0904,714.6748,754.1399,638.905,684.404,581.23114,772.5166,583.77826,547.8888,602.7357,553.69165,944.0002657,-26.4576223,732.3389893
134,揭阳市,广东省,137city,11,137city,692.6785,766.21893,587.0722,715.5776,678.2345,751.81866,633.0221,729.6011,654.27734,448.91284,588.6297,446.0995,398.3401,426.06744,482.9211,333.9029,297.1566,775.6989495,-26.14964025,566.5020142
135,金昌市,甘肃省,138city,141,138city,3274.0461,3113.08,2947.3247,2552.0835,2798.9097,2758.758,2656.0781,2082.792,1706.9795,1518.7052,1481.5157,1354.4762,1880.5964,1562.6154,1792.7278,2061.9807,1637.4053,3032.652514,-105.6986637,2187.060059
136,金华市,浙江省,139city,33,139city,1080.1302,1012.6023,1036.25,948.3014,916.93115,922.41534,923.0388,879.1179,894.98083,710.4537,674.6212,666.26404,601.0522,575.9894,552.8078,607.90784,583.50024,1078.915233,-34.96466603,799.197998
137,锦州市,辽宁省,140city,142,140city,2207.6973,2877.6235,2376.4023,2247.185,2157.4224,2317.944,1859.2717,2029.7343,1637.8218,1910.9572,1589.3881,1297.703,1613.1008,1910.9225,2259.303,2089.1733,2045.2402,2321.175334,-37.00801595,2025.109985
138,晋城市,山西省,141city,45,141city,2235.81,2184.347,1588.4843,1539.9316,1532.4763,1207.9896,1370.6714,1060.2439,1277.3218,1256.5789,1278.6342,859.9913,1222.2345,1045.5558,899.56335,941.2882,915.027,1870.475081,-68.98476021,1318.599976
139,晋中市,山西省,142city,46,142city,4177.958,3665.1362,3051.3765,2961.3872,2745.0447,2811.7427,2578.158,2293.0674,2629.3271,2153.9224,2000.2253,1574.1497,1405.988,1338.9388,1529.251,1486.7566,1331.1863,3624.170381,-160.8623576,2337.27002
140,荆门市,湖北省,143city,143,143city,1982.9705,1686.904,1624.0166,1526.7397,1385.9541,1256.1284,1101.9113,1141.4841,1834.8518,1085.3927,1093.6779,1212.0237,1053.6326,976.2543,982.365,1074.411,875.7788,1705.19548,-52.16049045,1287.910034
141,荆州市,湖北省,144city,144,144city,1677.1987,1404.2197,1478.9122,1470.768,1435.6971,1376.3152,1324.6417,1369.8727,1903.0791,1274.7566,1344.7762,1424.7415,1137.3412,1116.2782,1170.2815,1162.1235,978.8912,1591.334158,-29.43225247,1355.880005
142,景德镇市,江西省,145city,145,145city,866.60535,684.81165,649.5421,668.3275,583.2339,625.8052,502.2146,555.7904,522.9327,448.57083,372.9509,503.0613,440.62723,386.27985,360.05127,343.62155,333.4038,738.2161159,-27.21944016,520.4609985
143,九江市,江西省,146city,146,146city,1268.928,1182.0288,1063.8022,1017.6627,968.8512,972.7849,797.07745,894.18787,766.44006,665.36487,509.66138,453.38828,463.2378,468.32587,421.5846,390.803,328.41992,1214.599623,-58.93856348,743.0910034
144,酒泉市,甘肃省,147city,147,147city,4093.5654,3870.2588,3869.6487,3891.1348,3842.773,3666.9734,4058.2603,3575.6084,3798.7927,3377.041,3624.3489,3521.9585,3820.397,3448.144,3545.41,3755.071,3612.9822,3931.753116,-25.49584602,3727.790039
145,喀什地区,新疆维吾尔自治区,148city,351,148city,2355.5986,2224.038,2053.2273,1880.1245,1751.2585,1871.1445,1926.8347,1645.0621,1844.8766,1505.6439,1552.2134,1141.5067,1281.3665,1193.4843,1202.816,1307.873,912.6689,2243.110156,-77.08187447,1626.459961
146,开封市,河南省,149city,148,149city,1571.4553,1769.0603,1784.7806,1749.5012,1496.9279,1476.8491,1256.9207,1410.7712,1348.881,1221.8302,1006.7135,1175.2627,1170.9216,986.48846,957.1409,1108.0778,841.8722,1747.900952,-54.27104022,1313.729981
147,可克达拉市,新疆维吾尔自治区,150city,352,150city,4637.4404,4956.45,5128,5461.8013,4858.9346,5605.3096,4269.8438,4628.6787,4940.341,3250.982,3210.0405,2886.2058,2297.0977,2357.0386,2753.7563,2308.9849,1888.4702,5657.125144,-225.9687662,3849.379883
148,克拉玛依市,新疆维吾尔自治区,151city,353,151city,463.53107,455.51562,395.51163,543.06195,375.0471,403.73053,420.55188,787.7638,435.95233,357.3621,179.08035,206.56918,325.65656,197.02191,307.23447,120.84778,210.22067,527.164488,-20.42012787,363.803009
149,克孜勒苏柯尔克孜自治州,新疆维吾尔自治区,152city,354,152city,3672.2183,3384.2104,3204.5635,3210.2168,3234.69,3379.8994,3650.5903,3076.1787,3163.5193,3108.5715,2921.061,2463.2092,3159.6587,3292.537,3280.8496,3176.286,2791.061,3423.926179,-29.6869429,3186.429932
150,昆明市,云南省,153city,149,153city,1656.4581,1364.1984,1529.2573,1254.1786,1430.2267,1188.7837,1037.5276,868.308,1078.0496,1048.063,804.75854,933.3605,827.08704,901.67755,685.67,706.17505,650.1793,1506.606095,-56.23782902,1056.699951
151,昆玉市,新疆维吾尔自治区,154city,355,154city,5063.291,4590.534,3776.2488,4690.3154,4742.716,4641.2715,4465.5625,4088.0273,4189.7656,3360.6953,3538.0686,2118.7698,2337.1458,1823.2285,2357.5847,2487.1584,1826.4434,5167.223834,-204.0145479,3535.110107
152,拉萨市,西藏自治区,155city,331,155city,2248.5767,2061.3975,1893.5085,1862.1858,1793.6821,1794.0066,1939.864,1781.8274,1973.36,2009.8384,1693.41,1636.9832,1551.7905,1739.5355,1551.958,1777.5312,1532.3728,2051.142497,-29.61466322,1814.229981
153,来宾市,广西壮族自治区,156city,379,156city,2526.5974,2092.3196,1892.0825,2506.1238,2941.8325,2462.0593,1564.35,1228.3547,1277.2551,992.8147,935.1222,1383.9817,739.1124,592.719,644.37866,645.65393,530.48944,2579.482751,-138.9408806,1467.959961
154,兰州市,甘肃省,157city,150,157city,3924.0093,3813.3687,3547.755,3859.971,3597.6206,3622.13,3335.9116,3118.3042,3614.5498,3003.359,2943.788,2490.3354,2673.1523,2400.2383,2782.7314,2580.041,2252.3003,3971.900295,-102.667201,3150.560059
155,廊坊市,河北省,158city,115,158city,1573.456,1680.8418,1702.4288,1509.9282,1555.4155,1610.2339,1312.1792,1320.826,1324.581,1291.3457,1279.136,1174.593,1079.5337,1334.1476,1176.4694,1129.61,1059.8848,1659.837292,-37.51928861,1359.680054
156,乐东黎族自治县,海南省,159city,151,159city,1215.0836,859.60565,942.38293,881.70496,1072.6656,1040.0754,998.95996,772.55457,634.8712,562.4781,467.76642,498.87534,433.61084,357.00327,482.23468,451.95898,313.29352,1114.900077,-51.23658962,705.007019
157,乐山市,四川省,160city,95,160city,2160.1653,1552.4232,1494.6042,1283.7542,1246.251,1240.7246,1361.729,1391.6068,1270.01,1372.6014,1106.4849,1282.7487,899.11914,724.0418,560.3633,530.16583,531.6364,1772.652515,-74.46075739,1176.969971
158,丽江市,云南省,161city,152,161city,2580.1772,2382.4238,2298.7988,2308.2046,2169.4048,1990.2664,1692.2573,1814.9692,1624.3441,1450.3588,1219.0903,1511.3335,1108.0216,1392.1958,1323.822,1184.7236,993.9701,2463.329908,-94.35475278,1708.48999
159,丽水市,浙江省,162city,34,162city,1008.7241,921.1331,854.8506,879.75165,843.59973,833.5348,738.08435,752.2917,745.7333,653.3013,572.26984,516.0701,523.96,464.99173,411.9546,459.51898,389.19003,986.0235135,-38.18705757,680.5269775
160,连云港市,江苏省,163city,153,163city,1218.666,1043.6696,1034.636,919.7394,919.78265,949.50903,689.2567,775.15216,624.6245,764.7422,775.08057,684.03,560.89374,543.35425,509.26166,494.4694,403.40222,1102.004867,-42.82215216,759.4279785
161,凉山彝族自治州,四川省,164city,96,164city,3381.3335,2909.6892,3018.7603,2750.3953,2775.3342,2508.297,2343.1768,2217.898,2219.515,2142.982,1728.9779,2297.344,1575.5969,1866.1008,1640.8789,1562.2764,1515.3574,3120.496498,-107.3126987,2261.98999
162,辽阳市,辽宁省,165city,154,165city,1177.6229,1252.1934,1097.624,1200.4594,979.2465,988.8987,846.42676,842.17017,728.2979,919.8098,736.2808,794.01825,761.2165,563.74426,612.04553,546.0456,561.30133,1203.770049,-43.06389005,859.2589722
163,辽源市,吉林省,166city,155,166city,3255.8398,3845.9067,2874.2686,2309.0105,1958.1616,2365.6658,2016.6327,1915.5668,1435.8748,1233.264,1157.823,1433.0613,1222.5905,1552.4187,1360.107,1538.4015,1349.8713,2958.463271,-128.4515515,1930.849976
164,聊城市,山东省,167city,47,167city,1425.816,1519.0687,1627.2587,1577.9991,1679.4515,1372.1956,1207.4287,1330.3398,1181.4209,1260.233,1111.6766,1133.3577,966.8907,867.69604,923.46484,895.9676,744.9238,1644.844323,-52.47914737,1225.01001
165,林芝市,西藏自治区,168city,332,168city,2261.0076,2079.6199,2109.7896,2133.3315,1982.0579,2045.0862,2065.9941,2167.294,2136.1917,2336.2336,2071.8506,2179.8086,2072.024,2230.335,2074.1147,2226.0793,2051.1006,2119.689085,1.376501944,2130.699951
166,临沧市,云南省,169city,156,169city,2604.1318,1992.4723,2232.6135,2250.847,2341.0007,2011.2854,1669.7881,1525.721,1694.0627,1309.5553,1086.0209,1204.1515,1225.0261,1452.4563,1205.3025,1189.259,1051.1102,2364.821533,-89.39089517,1649.689941
167,临汾市,山西省,170city,48,170city,2664.0293,2350.5625,2057.8357,1989.0093,1977.9436,1764.688,2060.4084,2337.1938,2629.545,2568.3286,2346.734,1967.8566,1997.5391,1575.6572,1971.9838,1965.0774,1562.5697,2352.179539,-30.88301745,2105.120117
168,临高县,海南省,171city,157,171city,1596.0479,1617.2075,1745.0422,1562.0011,2208.7666,1641.5486,1224.6609,1261.3196,1078.4636,1122.0042,1086.4221,1013.02075,895.1937,923.2988,980.6519,875.8786,687.8754,1810.753207,-68.1132428,1265.849976
169,临夏回族自治州,甘肃省,172city,158,172city,5918.5044,5529.04,5736.2104,5768.626,4804.9863,4198.72,4412.601,3888.391,4457.1626,3384.1567,3468.5186,2644.9092,2712.5688,2797.963,3244.3254,3060.4575,2667.5054,5776.473293,-216.9514651,4040.860107
170,临沂市,山东省,173city,49,173city,2649.0713,3038.7646,2635.5308,2194.494,2069.9375,1847.1722,1682.0735,1779,1665.9342,1628.5946,1563.2579,1302.8865,970.5725,1312.2074,1172.9434,1085.2816,886.11475,2663.428515,-116.1356476,1734.339966
171,陵水黎族自治县,海南省,174city,159,174city,828.79663,852.64734,865.20667,777.6173,1020.64825,865.58105,713.6274,510.64743,355.13837,312.84134,279.7681,330.87546,245.49045,266.3179,340.3598,315.42957,220.32327,929.5708062,-49.27490728,535.3720093
172,柳州市,广西壮族自治区,175city,380,175city,1166.7594,931.5431,895.60657,1091.2632,1079.0729,999.04004,833.3614,803.6409,810.6281,677.6229,679.1377,750.23553,632.0115,479.81287,386.97427,427.36887,425.56293,1132.272307,-45.43372846,768.802002
173,六安市,安徽省,176city,160,176city,2297.2065,1814.6532,1665.2294,1810.1304,1618.9293,1452.1932,1373.0615,1129.9646,1440.8113,1384.7378,935.01746,827.6427,774.4601,787.8743,706.4435,643.5656,653.41296,2000.603968,-93.34509995,1253.839966
174,六盘水市,贵州省,177city,161,177city,3794.4043,3599.9146,3389.3616,2609.6353,2885.2844,2207.4333,2408.7812,1840.4065,2446.7512,2039.1893,2173.467,2100.93,1438.6355,1466.513,1453.4423,1134.5945,1070.5681,3469.312646,-153.8161983,2238.780029
175,龙岩市,福建省,178city,162,178city,958.0003,892.2613,892.76984,934.62067,831.7124,840.66864,765.8028,826.0936,778.66034,623.4074,656.27264,575.5591,532.9743,534.9722,513.8365,449.80984,425.8374,983.1002185,-34.40767946,707.8389893
176,陇南市,甘肃省,179city,163,179city,4568.135,4157.1797,4334.04,3994.2986,3465.5615,3594.1042,3243.0186,2933.1157,2847.2012,2468.8945,2295.0803,2030.8412,1684.1025,1638.7377,1689.7672,1743.3069,1513.713,4465.783155,-203.8030587,2835.360107
177,娄底市,湖南省,180city,164,180city,1655.1024,1266.7882,1357.3607,1165.8059,1402.4023,1218.6934,1121.3187,1099.7278,1128.967,932.96497,755.51825,674.11755,702.9151,673.2934,563.257,523.64026,592.599,1505.15106,-64.36099976,990.2630005
178,泸州市,四川省,181city,97,181city,2622.8452,2039.6824,2284.6538,1699.9377,1907.9812,1834.905,1642.6548,1660.0986,1554.333,1420.3474,1800.2275,1420.8146,882.13904,869.5313,766.36975,752.11884,664.90765,2366.256299,-105.9030086,1519.030029
179,洛阳市,河南省,182city,165,182city,2501.2244,2535.8638,1942.4775,1877.8364,1731.3064,1270.6094,1276.9829,1301.7338,1135.544,1079.1709,979.9907,592.932,1463.977,942.62555,717.23315,898.87866,971.30066,2143.211067,-97.16838926,1365.859985
180,漯河市,河南省,183city,166,183city,1556.0889,1569.2184,1555.0654,1461.5981,1311.372,1279.8318,1083.501,1108.3693,1190.8274,1021.7392,1003.98346,1075.5818,919.9048,885.30457,840.2123,983.86646,735.86224,1549.041724,-49.64251724,1151.900024
181,吕梁市,山西省,184city,50,184city,3570.671,3035.8298,2570.3071,2217.2815,2215.6714,2159.8113,2143.308,1771.8182,1887.0364,1396.6255,1302.7942,1156.7219,1048.079,1013.41113,1214.6338,1098.1028,977.4711,2951.718825,-142.644455,1810.560059
182,马鞍山市,安徽省,185city,167,185city,1230.8176,1250.6364,1325.2577,1310.6973,1209.5947,1336.1534,1252.4794,1096.2041,1311.8043,1128.9475,833.6353,838.4967,671.1964,587.74005,506.8676,623.14624,399.8086,1465.835054,-58.86553372,994.9110107
183,茂名市,广东省,186city,12,186city,854.50964,824.02423,810.224,824.1697,820.68787,778.36206,741.5851,741.81024,707.5051,631.8511,576.97015,532.6513,470.10876,433.05,473.50854,451.0314,403.73163,901.9420621,-31.30319311,651.5170288
184,眉山市,四川省,187city,98,187city,1929.3931,1521.5566,1500.3055,1405.734,1247.8212,1393.8125,1525.7561,1387.696,1272.5532,1225.9095,1002.41504,1198.0659,1046.6743,835.03217,884.8896,776.4066,784.69806,1692.864109,-57.64684056,1231.689941
185,梅州市,广东省,188city,13,188city,967.41547,957.85803,922.5626,927.5576,830.1418,858.0742,762.37695,840.41174,816.51666,599.9133,646.00256,594.15106,516.586,553.2619,563.20074,502.27454,454.00742,995.689735,-33.92950619,724.2540283
186,绵阳市,四川省,189city,99,189city,1988.4613,1468.838,1568.7922,1255.4927,1314.6152,1285.9167,1301.4473,1040.3479,1198.151,1217.4175,809.3834,1016.0469,852.6952,696.65015,652.54553,618.10486,558.88715,1679.983239,-71.44060322,1108.459961
187,牡丹江市,黑龙江省,190city,320,190city,1901.6199,1919.6711,1955.5117,1823.356,1667.9938,1807.3357,1562.8889,1511.6134,947.99426,830.9679,999.5879,953.5061,780.8619,925.98804,850.0047,915.7328,641.0899,2002.669131,-88.6003771,1293.869995
188,那曲市,西藏自治区,191city,333,191city,2941.194,2884.195,3011.9834,2944.4756,2839.284,2889.3818,2958.172,2882.76,2868.2422,3074.7834,2882.2693,2821.5352,2821.492,2919.9937,2969.6958,3038.3545,2976.5925,2910.226189,1.842347987,2924.959961
189,南昌市,江西省,192city,168,192city,1380.1675,1280.7568,1074.1036,986.4071,1050.2473,1075.3751,973.7089,959.27686,1048.6711,1103.2936,705.18036,974.1203,831.9128,682.13666,640.7103,806.80396,556.17395,1254.678676,-38.23890566,948.7670288
190,南充市,四川省,193city,100,193city,2319.1038,1752.3091,1565.9402,1359.5796,1361.2637,1591.914,1329.151,1281.6133,1290.2183,1135.5702,1086.9095,1046.2275,876.6688,876.93036,882.57684,822.667,761.5399,1837.410689,-72.76322593,1255.300049
191,南京市,江苏省,194city,169,194city,1114.8506,1121.3346,1233.485,1232.8551,1004.8446,1089.2532,1038.7612,916.47375,1037.7351,953.5413,811.2167,806.9801,707.6529,639.2024,690.7713,711.25934,608.6977,1230.48329,-38.2301549,924.6420288
192,南宁市,广西壮族自治区,195city,381,195city,1577.4896,1514.072,1292.0759,1826.0634,2084.7195,1861.4583,1328.6267,1257.7935,1111.6523,867.79816,902.17017,1345.579,709.87085,500.32385,540.49554,626.73193,477.74542,1841.401039,-84.4055264,1166.160034
193,南平市,福建省,196city,170,196city,967.3679,888.55994,852.8047,948.6112,959.73236,903.6946,751.97754,760.2914,780.72375,678.2162,652.59875,575.484,576.36145,518.55615,465.09387,450.0048,465.69125,998.9430811,-35.19310693,717.3980103
194,南通市,江苏省,197city,171,197city,890.57886,738.0979,797.8274,715.8866,669.3569,723.98645,570.83203,702.91364,646.741,553.0204,526.1328,524.6827,413.40363,426.87946,419.19922,419.83276,350.18277,831.3237023,-29.72756225,593.5029907
195,南阳市,河南省,198city,172,198city,2854.6853,2534.9092,2092.9253,2039.1594,1364.041,1534.5874,1163.5737,1061.219,1255.9891,980.11816,1004.1587,902.4493,1119.4598,923.1846,766.1482,958.4845,651.5034,2256.773002,-111.459889,1365.089966
196,内江市,四川省,199city,101,199city,1876.1338,1558.2849,1522.4296,1259.8583,1188.0337,1302.4801,1662.881,1232.7666,1386.907,1233.6516,1098.3757,1018.6901,1022.9105,929.5949,958.3264,818.35645,896.8425,1639.006329,-50.71017935,1233.319946
197,宁波市,浙江省,200city,35,200city,1008.86597,719.68353,783.29395,694.31604,632.79126,864.9199,676.1757,567.13367,666.6583,622.7372,499.534,415.49,495.2212,354.00995,432.94598,381.77298,307.8475,869.4819857,-34.24850441,595.4940186
198,宁德市,福建省,201city,173,201city,763.18207,735.1691,784.5896,834.8012,743.44604,748.8474,664.6372,687.7836,685.4666,549.62616,568.48553,529.65393,492.26996,419.17084,407.66306,404.78162,401.28165,839.2733262,-28.28522716,612.9920044
199,怒江傈僳族自治州,云南省,202city,174,202city,2384.4365,2441.1597,2461.5608,2566.8835,2499.5781,2103.0312,2074.7358,2167.2212,1953.4417,2061.1,1736.1166,2053.899,1358.8087,1825.3533,1696.7834,1680.014,1586.7725,2538.277842,-62.49872933,2038.290039
200,攀枝花市,四川省,203city,102,203city,1705.8931,1339.6201,1443.1501,1469.343,1508.8435,1118.7206,1127.3179,1094.7747,1138.9387,1327.7639,1013.9734,1397.3865,1106.8815,1133.4607,1086.4065,984.9706,903.6493,1493.905934,-33.05372709,1229.479981
201,盘锦市,辽宁省,204city,175,204city,1705.1104,1466.0945,1348.5212,1452.2095,1322.8002,1491.8105,1164.6189,1223.5852,1275.3933,1141.2134,977.5096,1398.7938,1212.8687,782.1045,847.87286,862.7891,891.61206,1567.757425,-44.75712182,1209.699951
202,平顶山市,河南省,205city,176,205city,2290.467,2032.0236,1728.3174,1645.124,1149.4722,893.7104,747.48584,783.85455,986.1429,797.04364,802.75305,725.66693,1215.4703,997.3772,669.29474,803.81537,554.9641,1738.425776,-78.89893371,1107.229981
203,平凉市,甘肃省,206city,177,206city,5649.961,5225.649,5241.319,5125.3438,4286.2227,4357.887,4568.328,3903.0054,4496.894,3345.4653,3865.4138,3095.5908,3390.5676,3251.8037,3219.0955,3752.9067,3427.174,5284.966491,-144.4250213,4129.569824
204,萍乡市,江西省,207city,178,207city,1243.0017,1104.7458,937.7339,922.1955,941.4227,951.91327,889.1705,1003.00555,913.9879,767.9142,648.21924,602.77765,656.4207,649.4157,567.702,568.6972,511.6657,1131.990104,-39.440018,816.4699707
205,莆田市,福建省,208city,179,208city,1078.8113,1110.5322,996.4996,1138.0627,968.3092,937.3841,782.5581,720.88855,797.1699,652.42456,564.9778,538.80975,467.94385,466.37653,369.61444,265.66028,454.49988,1150.210081,-53.25771033,724.1480103
206,濮阳市,河南省,209city,180,209city,1317.3555,1423.9583,1546.0396,1526.2653,1550.2423,1336.5734,1051.4924,1239.5,1136.3264,1201.2195,1028.9648,1039.7291,925.6824,804.7604,809.1903,870.0096,697.952,1546.06627,-49.83724572,1147.369995
207,普洱市,云南省,210city,181,210city,2027.2831,1690.0381,1685.3462,1822.5581,1794.4006,1532.2441,1332.4434,1315.4576,1308.381,1307.6461,1196.2723,1365.2935,1193.3599,1298.3331,1099.1046,1154.702,1028.3109,1833.65484,-51.62468824,1420.660034
208,七台河市,黑龙江省,211city,321,211city,2096.035,1424.4352,1965.5015,1627.5227,1463.4211,1761.8284,1208.8192,1141.3926,1022.91455,941.8452,1133.9346,1050.97,918.5917,916.813,865.866,1004.71814,803.70374,1806.552489,-68.84617555,1255.780029
209,齐齐哈尔市,黑龙江省,212city,322,212city,4202.2666,3526.3843,4095.773,3698.6436,3185.8762,3427.631,4208.2676,2796.4478,2483.9194,2139.1348,2260.554,2302.1628,2007.0896,2066.1992,2043.4805,2111.7954,1835.7524,4061.345842,-151.8492731,2846.550049
210,潜江市,湖北省,213city,182,213city,1781.848,1359.6857,1473.519,1400.862,1304.7555,1142.9961,1185.4541,1269.2104,1708.9146,1162.4573,1230.7875,1314.4587,1152.5559,1045.4944,1054.5051,1038.5798,890.5638,1535.870147,-33.77312125,1265.689941
211,黔东南苗族侗族自治州,贵州省,214city,183,214city,2810.7578,2162.5073,1833.8213,1663.7991,2141.2798,1969.0532,1853.2743,1573.1901,1367.1997,1229.2473,1288.1025,1219.3265,1100.2604,842.52435,839.489,730.7639,660.7444,2373.298931,-110.7407414,1487.369995
212,黔南布依族苗族自治州,贵州省,215city,184,215city,3815.2039,2908.4448,3174.0093,2746.9666,3169.8647,2467.2852,1782.3977,1664.8798,1973.0771,1992.8374,1744.2462,1595.1328,1170.5027,908.8014,930.15186,885.2018,890.9253,3373.194827,-172.9734087,1989.410034
213,黔西南布依族苗族自治州,贵州省,216city,185,216city,4005.6865,3748.0493,3800.855,3635.9297,3960.1987,3043.7292,2371.582,2183.2576,2856.0366,2362.0354,2220.0586,1940.6855,1458.6958,1301.1675,1213.2268,985.6692,1050.5789,4118.212575,-204.9424367,2478.669922
214,钦州市,广西壮族自治区,217city,382,217city,1225.4255,1223.8258,1130.3118,1314.4789,1286.2218,1167.9717,998.15173,826.2676,756.41394,617.80005,595.7224,695.1628,566.79047,446.82294,559.5253,582.9435,511.64224,1309.516754,-57.03166468,853.2630005
215,秦皇岛市,河北省,218city,116,218city,2594.5273,3138.25,2379.5679,2409.4412,2146.2534,2221.644,1790.3999,1837.1906,1582.512,1478.0753,1453.521,1302.8353,946.03076,933.1859,1075.4705,1109.2582,860.8817,2738.143002,-127.127839,1721.119995
216,青岛市,山东省,219city,51,219city,1428.2878,1824.3331,1429.6016,1165.8959,1172.3662,1126.6223,1129.8645,1008.7262,1117.668,1156.7949,978.0204,912.2037,858.2107,885.09467,1007.5124,863.5968,715.1924,1465.920217,-45.15185427,1104.709961
217,清远市,广东省,220city,14,220city,900.5243,846.40906,743.802,810.0078,802.3281,728.1579,682.77026,680.9677,692.73413,567.53204,531.77057,517.2041,446.45175,419.79544,361.14087,334.82904,321.55292,903.8352117,-36.59721008,611.0579834
218,庆阳市,甘肃省,221city,186,221city,6120.497,5203.598,5750.4893,5792.195,5413.589,5242.8447,5573.8423,4920.2314,5102.347,3852.8398,4261.828,3459.9912,3296.4739,2750.7383,2970.7993,3214.1,2862.3955,6210.814937,-219.0812785,4458.160156
219,琼海市,海南省,222city,187,222city,851.4275,876.903,816.3462,845.0724,1035.2566,1010.37646,891.4707,715.24817,707.99817,740.2079,701.5808,703.77576,599.2931,687.9765,791.96716,731.6422,557.368,923.7502597,-17.94002817,780.2299805
220,琼中黎族苗族自治县,海南省,223city,188,223city,1520.2472,1328.6006,1305.9327,1242.1987,1467.895,1568.7932,1455.7004,1380.6873,1350.4152,1296.1309,1420.4915,1260.6193,1112.4215,1196.8564,1236.6532,1249.8613,981.4269,1473.143334,-19.62136332,1316.170044
221,衢州市,浙江省,224city,36,224city,970.3993,846.75214,834.6035,800.1002,776.1616,798.67944,752.5332,770.8721,757.7551,645.57776,621.16125,551.5766,585.0172,510.19003,420.506,505.21802,383.3533,931.500736,-31.65482128,678.2620239
222,曲靖市,云南省,225city,189,225city,3346.9158,2936.498,3116.1553,2597.0479,3181.8608,2647.4143,2554.7397,2172.642,2893.4492,2307.777,2232.3606,2346.2798,1979.2148,1825.2563,1468.0603,1415.4128,1348.0596,3288.568977,-114.239177,2374.659912
223,泉州市,福建省,226city,190,226city,1154.0027,1186.3691,1074.0292,1182.1577,1076.1373,1088.6245,962.85724,940.13544,1022.54083,887.7401,923.3456,847.2097,672.97925,782.01227,733.4802,546.9553,632.0017,1221.606972,-37.1672079,924.2689819
224,日喀则市,西藏自治区,227city,334,227city,3400.4,3126.0066,3215.669,3367.2017,3044.3784,3199.5986,3259.477,3325.8826,3431.1167,3434.8853,3124.387,3172.7534,2779.2107,2954.7705,2886.9055,3411.4465,3252.4824,3287.884234,-11.08426621,3199.209961
225,日照市,山东省,228city,52,228city,2178.746,2495.4448,1953.401,1679.212,1707.0891,1572.3367,1537.6531,1432.0978,1493.8242,1437.5693,1498.5406,1143.7957,971.73267,1536.0713,1539.3203,1427.1847,1247.0188,2019.308704,-54.97948351,1579.469971
226,三门峡市,河南省,229city,191,229city,2510.135,2337.5522,2095.8835,2085.475,1857.8636,1396.2056,1584.6389,1460.183,1275.4661,1312.1687,1227.5464,1040.6543,1448.3154,1082.5936,966.67615,1005.32336,1106.4786,2221.392743,-88.01850712,1517.23999
227,三明市,福建省,230city,242,230city,947.0068,920.63666,862.82477,989.615,1009.2833,904.14044,815.823,829.58185,780.2398,676.1216,690.60876,629.22595,575.9187,585.0379,551.90173,481.6902,501.4867,1014.524111,-33.05710856,750.0670166
228,三亚市,海南省,231city,243,231city,346.79425,340.63226,365.09906,306.10864,313.4654,340.01166,279.37726,269.01492,245.63655,232.33548,208.46002,243.40118,220.06563,218.92151,276.94397,319.47995,246.09827,334.8231901,-6.765795764,280.696991
229,厦门市,福建省,232city,244,232city,1104.6194,1071.5873,943.4226,974.9726,859.52966,870.6311,734.6688,822.89374,858.71924,735.70715,736.35864,756.2323,642.83545,781.29376,752.6665,702.8865,845.42413,993.029906,-19.75779081,834.9680176
230,山南市,西藏自治区,233city,337,233city,2523.9722,2330.0955,2280.4888,2305.8127,2206.5615,2157.868,2286.724,2225.72,2334.7104,2608.6938,2215.7317,2274.3975,2163.1565,2335.941,2037.5782,2263.299,2039.7057,2372.606685,-12.82247865,2270.030029
231,汕头市,广东省,234city,21,234city,727.7596,749.1719,556.0392,673.45154,582.43085,722.80975,648.3242,765.0066,649.07153,488.85272,562.59174,553.6053,371.62326,317.71063,453.8657,284.45868,315.00363,764.9133008,-26.33639227,554.2219849
232,汕尾市,广东省,235city,22,235city,528.5198,597.2683,481.41702,480.02075,364.7765,469.4422,434.61227,542.5293,513.5448,329.48123,363.35352,280.45233,252.14716,249.12659,307.29913,204.90128,212.44373,562.380705,-21.68482433,388.9020081
233,商洛市,陕西省,236city,245,236city,2792.6538,2431.5674,2419.2227,2040.8597,1761.0919,1320.0284,1512.6647,1424.5272,1473.6097,1225.3462,1077.8887,1123.0989,1134.6566,1171.3945,1007.2926,1087.5155,916.05115,2336.544371,-101.4837102,1524.670044
234,商丘市,河南省,237city,246,237city,1703.0479,1552.2815,1623.6406,1588.4814,1249.5347,1191.634,995.91595,1078.3208,1156.3579,1035.9896,935.9966,926.2916,816.81836,834.694,731.6023,828.76184,672.4768,1605.587712,-61.56724429,1113.050049
235,上海市,上海市,238city,126,238city,850.7234,854.67505,858.63513,761.7997,690.2439,693.84326,671.4835,695.0985,764.03577,666.48413,607.2648,634.1766,522.16077,457.4165,442.65683,504.24585,504.4677,858.5775296,-25.12063718,657.6119995
236,上饶市,江西省,239city,247,239city,1229.3126,1122.7522,1129.3207,1078.8804,1014.76794,1041.6361,730.6339,784.4702,724.92053,658.75195,552.9316,495.04837,512.20593,504.99756,460.59656,438.15262,438.84943,1193.793751,-54.2372441,759.8959961
237,韶关市,广东省,240city,23,240city,866.20435,831.3921,751.2487,806.04675,828.1974,763.50934,713.15076,705.63605,782.088,645.08545,621.3397,622.6244,548.33234,550.2804,462.62097,455.55457,389.48914,887.6445408,-27.55262337,667.223999
238,邵阳市,湖南省,241city,248,241city,2421.3987,1608.1553,1821.4056,1715.8933,2316.348,1856.6888,1503.9412,1537.0736,1679.9404,1266.8855,1109.7183,1100.0431,879.23303,846.1736,746.0614,707.98065,670.12494,2187.260842,-98.50271322,1399.23999
239,绍兴市,浙江省,242city,38,242city,1054.9238,858.6117,867.4187,766.5113,671.7753,809.7325,733.25574,649.64014,711.68005,642.1224,547.8428,495.71713,538.3318,423.8276,464.42606,506.46994,471.6605,916.83293,-32.14862053,659.6439819
240,深圳市,广东省,243city,24,243city,1016.8192,993.35016,954.82056,1001.5005,736.2742,844.6537,863.3551,782.40985,811.1006,672.4321,647.5556,681.1992,562.2024,648.9491,746.53827,429.63885,461.20572,1013.599614,-32.18520834,756.117981
241,神农架林区,湖北省,244city,249,244city,2111.8413,1647.3145,1597.8569,1431.1115,1526.8013,1410.8298,1333.9546,1302.4119,1413.922,1173.2864,1077.427,1070.8938,953.003,1074.6991,927.1999,1035.8508,1051.4751,1744.039163,-55.21166902,1302.349976
242,沈阳市,辽宁省,245city,250,245city,1976.8811,2430.3228,2180.946,1993.5687,1751.0889,1883.563,1703.8907,1860.4421,1465.5686,1486.6445,1435.0071,1356.3372,1251.5361,1356.1318,1474.1343,1512.1125,1501.6042,2117.814393,-54.28724192,1683.52002
243,十堰市,湖北省,246city,251,246city,2260.167,1794.1431,1774.8911,1400.6554,1335.5779,1139.0098,1266.3962,1080.0261,1197.9258,934.34924,844.5517,744.8209,672.73364,655.31616,603.2588,652.6293,580.7512,1839.555534,-90.70029973,1113.949951
244,石河子市,新疆维吾尔自治区,247city,365,247city,1759.2833,1543.2427,1699.7528,1461.6675,1570.939,1560.0187,1449.2058,1283.1172,1211.1646,1177.3254,1180.856,1196.9204,1005.30225,1142.3417,992.4498,931.329,994.0526,1700.331912,-49.60789609,1303.469971
245,石家庄市,河北省,248city,122,248city,1803.6042,1621.4493,1666.3606,1531.1545,1286.5519,1561.2317,1156.2041,1140.5752,1162.8658,1330.1935,1079.259,1018.9559,902.6162,882.4165,848.47675,915.681,608.5679,1712.294059,-63.18260896,1206.829956
246,石嘴山市,宁夏回族自治区,249city,375,249city,1534.693,1348.4731,1444.4336,1297.4733,1469.9427,1367.665,1627.0945,1210.7606,1309.2002,1023.17535,1379.819,1665.2717,1743.2588,1364.119,1529.3542,1346.8256,1303.1729,1404.141008,0.693643159,1409.689941
247,双河市,新疆维吾尔自治区,250city,366,250city,3926.2427,2996.6177,2308.026,2504.2183,2049.0994,2537.1733,2121.3096,2442.696,2473.4016,1663.7351,1703.6868,1508.8027,1036.0428,1445.2747,1378.0088,1546.4849,1046.9467,3075.979674,-129.4403501,2040.459961
248,双鸭山市,黑龙江省,251city,328,251city,2048.8403,1664.7117,2194.8242,1901.011,1592.1055,1660.3823,1485.8496,1206.3169,988.3038,956.2394,1090.2139,1022.56506,1013.7266,1074.5052,1090.694,1124.4059,897.39276,1922.659052,-71.1258515,1353.650024
249,朔州市,山西省,252city,58,252city,3600.4104,3377.587,2556.4365,2905.3352,2294.4712,2632.6553,2519.1025,2088.9355,1901.6915,1736.7682,1470.3326,1186.4185,1253.6627,1409.2484,1115.1816,1326.6439,1431.1609,3200.163486,-144.0936564,2047.410034
250,四平市,吉林省,253city,252,253city,2879.9626,4298.5186,3301.122,2792.5889,2723.1082,2978.3245,2554.2495,2527.4248,2259.5264,1370.8506,1575.9602,1847.7124,1461.725,1578.492,1489.6056,1970.0386,1652.5662,3380.273816,-133.8446984,2309.52002
251,松原市,吉林省,254city,253,254city,4417.5967,4640.0366,4425.6035,4159.35,3111.568,3728.8066,3697.8452,3349.89,2988.2393,2209.0112,2273.5154,2460.412,2034.8009,2912.9893,2673.1606,3018.6892,2834.3198,4268.06672,-129.5683797,3231.52002
252,苏州市,江苏省,255city,254,255city,2073.373,2113.4614,2083.6895,1886.8872,1680.4348,1801.5007,1579.2783,1731.9597,1932.5183,1703.5989,1638.4368,1582.1321,1441.2361,1433.6848,1449.7576,1517.5469,1396.5565,2045.46353,-42.10902495,1708.589966
253,绥化市,黑龙江省,256city,329,256city,2916.0051,2395.0803,2777.0964,2387.1262,2022.9407,2092.6575,2239.1985,1532.0745,1382.1873,1518.7286,1605.6426,1524.2231,1449.884,1351.3132,1331.2192,1409.0111,1165.7593,2614.455092,-98.12932991,1829.420044
254,随州市,湖北省,257city,255,257city,3353.5674,2482.5642,2301.3682,2626.9783,2060.5918,2013.3138,1532.8478,1223.0085,1904.4146,1129.5817,933.5435,1208.1577,877.215,831.35614,751.6941,745.0372,614.70374,2756.090102,-148.9969716,1564.109985
255,遂宁市,四川省,258city,111,258city,1994.0123,1389.8063,1263.5852,1154.6567,1104.542,1331.4119,1260.1703,1057.673,1100.7505,1023.0129,947.46436,982.8889,912.489,838.7984,890.6322,793.5128,771.47205,1503.840691,-49.62068356,1106.880005
256,塔城地区,新疆维吾尔自治区,259city,367,259city,2484.1396,2308.334,2287.8303,2472.7307,2151.0305,2539.053,2236.6724,2759.9924,2321.5427,1696.2648,1706.7413,1920.8856,1722.7258,1821.4744,1827.1174,1683.3182,1519.4324,2552.597941,-58.34470113,2085.840088
257,台州市,浙江省,260city,39,260city,847.73706,746.51495,784.17883,740.21234,730.8782,675.2501,689.2162,611.76764,651.49817,522.4038,402.07928,385.6831,393.92975,356.64185,384.85916,364.99118,345.05334,838.916155,-34.03440939,566.6409912
258,太原市,山西省,261city,59,261city,2934.9163,2601.9019,2343.2212,2206.3396,2074.8772,2257.031,2020.2882,1817.1991,2121.634,1785.0251,1662.8684,1436.1528,1304.6072,1250.7135,1471.3693,1385.1216,1148.6827,2638.689168,-95.85122621,1871.880005
259,泰安市,山东省,262city,60,262city,1522.8073,1857.7897,1779.8982,1367.3049,1375.4633,938.1968,860.9913,981.46826,879.08264,1059.6262,986.03845,833.8145,609.03723,740.1139,756.52527,615.6345,440.3805,1617.525686,-72.74826334,1035.540039
260,泰州市,江苏省,263city,256,263city,1041.9941,997.2534,1117.685,1017.4462,880.2555,1012.81793,855.583,897.51843,938.3585,753.1489,736.80334,614.9178,509.96844,446.63367,513.4132,574.3806,395.60202,1129.001151,-43.30323029,782.5750122
261,唐山市,河北省,264city,123,264city,1569.0125,1774.9019,1477.0063,1269.802,1292.517,1602.4695,1094.1854,830.76306,709.8334,834.06433,869.7695,683.03577,539.30786,394.88535,446.4704,459.18475,325.77386,1655.869488,-88.0646951,951.3519897
262,天津市,天津市,265city,315,265city,1271.4023,1380.4899,1417.2703,1136.8936,1117.4377,1250.1803,978.6973,736.14484,746.4126,876.161,747.23706,653.794,545.8378,418.03363,400.15918,439.72275,347.02106,1401.265396,-68.81335576,850.7589722
263,天门市,湖北省,266city,257,266city,2401.6987,1851.0854,2224.9404,1947.0498,1715.2893,1625.3628,1379.0023,1420.5258,2433.797,1326.8247,1333.9471,1430.0958,1237.7343,1194.6603,1248.718,1368.7872,1084.3582,2115.403112,-64.24982048,1601.400024
264,天水市,甘肃省,267city,258,267city,4536.17,4288.9067,4372.622,4453.249,3797.4595,3584.075,3784.6714,3192.4607,3365.2324,2946.4204,3223.0105,2249.4128,2375.8103,2351.5376,2355.3486,2719.997,2275.038,4516.820226,-153.783248,3286.550049
265,铁岭市,辽宁省,268city,259,268city,2210.688,2789.6748,2279.163,2291.5476,1763.9756,1913.9229,1331.8081,1551.3358,1345.9849,1025.8063,1022.51965,1163.8427,939.38385,1157.8359,1074.5677,1273.3875,992.8501,2320.204747,-97.90578176,1536.959961
266,铁门关市,新疆维吾尔自治区,269city,368,269city,3614.8123,2663.0234,3738.2246,3380.0137,3704.428,3224.5503,3474.5356,2659.02,3562.817,1641.9473,2250.4082,1632.2681,1989.229,1369.411,1343.2776,1672.5222,1301.5862,3816.298153,-159.227899,2542.469971
267,通化市,吉林省,270city,260,270city,1532.0964,1551.9797,1206.6521,1217.7087,1083.0773,1206.5254,881.02783,1020.4,641.85645,786.52734,799.22723,1072.8301,632.3252,851.11804,850.522,887.39185,580.4357,1357.6825,-46.16839031,988.335022
268,通辽市,内蒙古自治区,271city,345,271city,5879.061,6447.916,6358.6504,6089.66,5645.4663,5492.801,5192.3,5246.504,5267.3926,4570.616,4803.6914,4075.5269,4184.305,4620.9077,4689.562,4913.323,4767.947,6142.663096,-118.9679577,5190.919922
269,铜川市,陕西省,272city,261,272city,3872.259,3524.8289,3642.733,3385.9866,3178.374,2860.7622,2739.2825,2562.1855,2775.5774,2198.439,2284.0647,1869.6774,2208.6113,1781.5417,1975.2318,2417.3184,2106.0205,3611.468259,-117.7357839,2669.580078
270,铜陵市,安徽省,273city,262,273city,900.7106,857.9503,918.799,872.5597,826.0265,828.9592,749.2321,640.52966,828.89856,726.30426,470.65646,513.799,474.78918,458.6779,438.07285,580.7374,311.38406,953.4301034,-35.36930122,670.4760132
271,铜仁市,贵州省,274city,263,274city,4265.5713,3513.5232,3552.7942,2341.9375,3080.0044,2942.861,2410.4858,1816.9678,2267.7036,1783.9327,1518.0115,1387.0074,1018.7647,961.6958,883.9807,786.375,721.5797,3742.081415,-208.5454969,2073.719971
272,图木舒克市,新疆维吾尔自治区,275city,369,275city,4177.0474,3792.8916,3300.054,3186.2212,2379.996,1978.038,2085.547,2170.0112,2320.9417,1284.2582,1298.794,810.20245,699.2695,714.4816,718.5522,677.6763,411.89188,3695.661855,-226.6204218,1882.699951
273,吐鲁番市,新疆维吾尔自治区,276city,370,276city,5974.0938,5914.614,5499.542,5940.048,6340.6636,6127.7124,6667.7803,7019.0996,6829.9023,6123.15,6289.9663,6067.128,6464.07,6014.4478,6523.6006,6490.7007,6691.0474,5999.761087,36.62961354,6292.799805
274,屯昌县,海南省,277city,264,277city,1327.2513,1350.1742,1175.968,1185.1025,1182.3699,1335.3987,1296.7036,1184.4395,1143.5562,968.5022,820.86865,789.2557,735.3981,963.05225,951.6477,1053.0194,734.27155,1342.450132,-34.00494759,1070.410034
275,万宁市,海南省,278city,265,278city,857.38293,890.7492,777.9211,826.74036,1006.6467,942.76025,805.3531,593.9204,631.4967,588.47485,591.4667,569.51434,520.65314,565.8732,640.8619,552.74426,436.0443,916.7877508,-27.84403169,694.0360107
276,威海市,山东省,279city,61,279city,1427.6713,1583.453,1217.685,1094.1592,1142.7214,865.18115,977.8426,895.79407,917.89667,935.2074,884.4459,822.5355,652.699,1002.74567,1055.4331,1097.8108,921.2687,1247.065758,-27.24681914,1029.089966
277,潍坊市,山东省,280city,62,280city,986.8298,1323.2704,1106.3618,749.9051,761.4138,671.20435,637.94257,604.893,552.8714,596.7081,545.818,534.59375,589.1338,381.86273,474.72986,224.61931,176.25122,1055.917693,-51.70729271,642.2589722
278,渭南市,陕西省,281city,266,281city,2962.315,2411.7725,2382.9954,2569.4956,2322.1904,1640.1841,1984.165,1720.7667,1870.7079,1449.002,1400.5885,1195.361,1938.0876,1353.615,1377.4868,1377.4713,1197.8933,2573.333879,-92.59248472,1832.589966
279,温州市,浙江省,282city,40,282city,1016.14307,937.5731,1011.1248,944.89386,946.3079,958.67316,787.98267,749.5962,768.499,659.4221,582.9739,532.7113,476.72833,450.5702,474.01758,428.82684,434.6965,1059.719128,-43.04768087,715.3380127
280,文昌市,海南省,283city,267,283city,1160.414,1366.9751,1183.56,1185.628,1235.8671,1228.6378,975.8246,907.11633,891.7206,909.529,977.9603,926.4339,767.53467,955.54047,1169.9244,968.89105,722.1898,1233.316308,-25.23992681,1031.400024
281,文山壮族苗族自治州,云南省,284city,268,284city,2944.0505,2428.9045,2461.8992,2245.4485,2385.7656,2031.9132,1707.7218,1875.1555,1998.154,1918.7352,1586.6731,1792.4454,1401.3666,1555.4402,1351.871,1322.5496,1239.1249,2609.613229,-89.0897501,1896.900024
282,乌海市,内蒙古自治区,285city,346,285city,1284.316,1150.293,804.26733,684.71484,754.0875,757.61,758.9177,687.36365,764.435,663.01196,1186.4215,1147.2408,1220.5723,1312.0026,1363.9222,899.0995,951.0282,847.7002755,14.54705481,964.0770264
283,乌兰察布市,内蒙古自治区,286city,347,286city,4032.5762,4047.2463,3385.2832,3671.534,3466.0347,3668.4646,3709.185,3537.5469,4049.189,2855.7583,2421.7322,1746.3701,1712.8962,2202.608,1849.7837,2055.5723,2098.2412,4187.051413,-151.9842081,2971.179932
284,乌鲁木齐市,新疆维吾尔自治区,287city,371,287city,1348.0708,1051.1107,983.5062,1116.4786,1053.106,1135.414,1119.713,1404.0903,882.54126,754.42224,643.30786,670.54395,580.07166,521.8722,495.8408,430.28778,459.68274,1297.868544,-54.51253794,861.7680054
285,无锡市,江苏省,288city,269,288city,1399.8557,1423.4407,1392.3397,1295.2125,1318.366,1199.5021,1200.1838,1004.129,1136.6676,1092.1016,996.80133,969.1759,901.03076,792.505,827.4323,931.06757,944.53735,1414.594104,-38.4099326,1107.310059
286,芜湖市,安徽省,289city,270,289city,1320.8282,1349.4375,1393.7006,1347.4932,1169.1423,1325.9705,1076.9294,931.60266,1209.4701,1050.6523,826.95776,742.42615,678.7312,470.10187,451.86273,647.98883,266.6622,1495.186202,-67.33976387,956.4680176
287,吴忠市,宁夏回族自治区,290city,376,290city,4812.8926,4434.9414,4562.32,4933.356,5013.4116,4549.587,4507.083,4253.351,4517.0166,3407.915,3164.4778,2791.4614,3309.7852,2944.6353,3244.2598,3546.8525,3126.1,4990.995936,-130.3491534,3948.199951
288,梧州市,广西壮族自治区,291city,391,291city,907.6831,878.95703,837.1232,919.1343,774.8436,745.7138,742.64954,709.7692,663.7871,606.3824,659.4681,650.92053,563.3773,512.3896,536.43097,554.2143,508.509,902.3239836,-26.2364309,692.4329834
289,五家渠市,新疆维吾尔自治区,292city,372,292city,1493.8333,1423.7637,1500.8085,1814.7222,1197.3008,1357.6343,1104.1082,1302.9376,955.4452,599.77844,423.47464,272.0668,140.82242,223.6846,212.16138,137.75516,143.03494,1724.559892,-110.3984279,841.3720093
290,五指山市,海南省,293city,271,293city,873.20953,759.39636,795.8854,764.2916,880.4363,1038.6509,910.02405,817.19293,815.9249,707.64594,713.66296,780.2589,715.3124,646.5633,733.67676,776.2927,631.45764,878.3376932,-11.557781,785.875
291,武汉市,湖北省,294city,272,294city,1119.2147,1262.8582,1177.2722,990.2112,973.0714,993.99817,865.2078,791.5602,963.12665,800.70703,470.7953,573.796,328.71146,399.3943,357.6867,646.90674,386.42938,1215.021704,-55.54721728,770.6439819
292,武威市,甘肃省,295city,273,295city,3898.371,3561.9116,3411.1567,3560.9678,3536.6501,3601.4988,3485.1614,3281.916,3093.4453,2676.867,2553.6516,2817.122,3217.4924,2710.563,2785.815,2943.863,2694.7693,3716.680889,-68.76730107,3166.540039
293,西安市,陕西省,296city,274,296city,1807.0479,1559.8582,1531.676,1517.106,1241.4769,1171.3428,1166.4531,1056.4628,974.93616,1087.915,880.60095,866.8527,1057.624,893.745,804.2187,898.8396,819.4968,1572.650559,-54.40740383,1137.390015
294,西宁市,青海省,297city,7,297city,5381.1406,4860.161,4695.7563,4569.3564,4218.908,4349.554,4231.9243,3982.3682,3468.7383,3399.5742,3284.5151,3193.0757,3406.1892,3102.4434,3293.7947,3370.172,2963.1326,4941.777664,-134.1133501,3868.870117
295,西双版纳傣族自治州,云南省,298city,275,298city,1488.6101,1413.9976,1330.6554,1293.5125,1265.4341,1157.1268,1115.4305,1054.2642,1072.7313,1043.041,978.30585,1013.4787,868.2107,959.6382,898.7849,945.39014,858.64844,1395.24767,-36.48492656,1103.369995
296,锡林郭勒盟,内蒙古自治区,299city,348,299city,4949.416,5306.853,4892.2144,5454.8403,5305.0444,5296.257,5260.106,5220.104,5126.6284,4846.7944,4686.973,4159.8877,4213.4775,4936.7764,4642.2686,4687.645,4814.2373,5298.027468,-46.08046707,4929.379883
297,仙桃市,湖北省,300city,276,300city,1815.0426,1746.5193,1728.9742,1702.883,1588.5923,1620.2974,1480.4958,1544.3232,1719.9868,1513.6348,1357.6542,1453.6663,1183.7029,1211.004,1311.2393,1399.035,1054.3865,1807.325088,-38.91977108,1495.969971
298,咸宁市,湖北省,301city,277,301city,1309.9836,1243.2377,1203.8616,1143.5872,1148.8474,925.7582,851.60474,841.36346,852.07544,640.20557,574.63525,504.98416,554.5005,475.89758,505.16702,387.57382,375.2075,1294.289214,-62.23842636,796.382019
299,咸阳市,陕西省,302city,278,302city,3380.5544,2678.7285,2919.7988,2672.4688,2250.9067,1609.1697,1842.084,1557.1859,1763.2715,1376.0708,1570.328,928.8645,1737.7576,1267.868,1237.0869,1547.6587,1246.4633,2778.165312,-115.0187073,1858.02002
300,湘潭市,湖南省,304city,279,304city,926.54016,882.44763,978.02997,838.49646,943.40137,808.77,973.8395,814.4337,743.9274,744.3246,555.16266,486.16864,584.83246,532.5314,418.2121,388.368,480.42657,1010.303512,-37.31799324,711.7600098
301,湘西土家族苗族自治州,湖南省,305city,280,305city,2930.9858,2001.8684,2122.0269,1601.3112,2012.7775,1705.2837,1534.9644,1157.8154,1389.4946,1127.6053,1030.6028,1468.503,911.8678,823.0811,757.5347,707.5135,664.3552,2299.359221,-111.3346719,1408.680054
302,襄阳市,湖北省,306city,281,306city,2162.5608,1863.5913,1829.0186,1763.0388,1616.1797,1581.1571,1184.6213,1164.9553,1599.7646,1049.2908,1140.258,893.57355,812.7831,712.2651,698.62756,743.8972,550.5351,2006.850216,-93.75246833,1256.829956
303,孝感市,湖北省,307city,282,307city,2052.345,1709.736,1733.1328,1612.6648,1411.5812,1430.1766,1112.3401,1074.3851,1315.0048,894.70807,880.3825,919.82697,757.69885,634.7731,672.84906,698.5365,463.97256,1842.138214,-87.81055675,1139.650024
304,忻州市,山西省,308city,63,308city,4367.288,3767.919,2938.4902,3000.5747,2845.9023,3224.088,3087.6814,2452.6433,3366.4985,2147.2786,1844.832,1683.8159,1582.9733,1530.2048,1674.9329,1587.4053,1430.3752,3799.105845,-162.1462935,2501.939941
305,新乡市,河南省,309city,283,309city,1267.1498,1253.0391,1182.5208,1097.2941,946.07806,917.408,729.8014,753.7973,723.4738,736.69995,600.60345,651.6305,625.05554,576.3585,543.6663,590.37524,446.67828,1194.54959,-49.01259538,802.4489746
306,新余市,江西省,310city,284,310city,1352.6094,1103.4633,1122.158,1150.1837,1051.929,1063.4824,1125.5435,1053.0454,1054.5511,906.5732,668.0316,748.10095,712.63477,650.4695,517.76025,488.18524,502.73523,1302.15849,-50.47969055,898.3209839
307,信阳市,河南省,311city,285,311city,2727.3179,1969.3557,1802.9333,2034.0588,1650.5697,1721.285,1319.404,1441.8969,1599.9221,1264.3115,1088.011,1208.1213,1188.6993,1057.8811,1104.4677,1033.6615,896.39136,2149.434577,-84.05955505,1476.959961
308,邢台市,河北省,312city,124,312city,1772.8572,1630.7949,1766.5625,1645.7329,1579.9354,1676.5356,1351.4819,1316.1826,1363.761,1330.5273,1209.1357,1027.0259,969.3181,969.2173,1053.8528,988.42554,745.69226,1808.33735,-61.35805796,1317.469971
309,兴安盟,内蒙古自治区,313city,349,313city,4890.0986,4750.9995,4593.3174,4800.4834,4370.4136,4762.1396,4831.4243,4493.391,4120.0386,3675.274,3741.6475,3580.9521,3225.4841,3541.4434,3561.745,3677.6528,3737.1968,4929.477103,-98.87800628,4138.450195
310,宿迁市,江苏省,314city,286,314city,1504.637,1136.1514,1289.0237,1126.6829,1093.2001,968.01434,802.7739,1021.8299,844.1195,812.1794,697.42365,847.3406,552.8859,589.47876,536.75024,617.90753,444.4666,1311.901091,-54.5400974,875.5800171
311,宿州市,安徽省,315city,287,315city,2274.2668,2079.6216,1961.0801,1873.126,1695.3718,1678.4036,1281.0093,1356.5764,1593.1935,1195.4447,1121.8688,1159.4546,983.312,910.1263,891.95056,861.6409,789.9815,2110.464843,-89.49613175,1394.5
312,徐州市,江苏省,316city,288,316city,1525.8293,1413.9589,1361.2917,1156.7107,1122.9038,1154.1648,908.94745,1050.3971,889.497,966.7859,918.75684,927.50806,757.16113,680.60767,696.5548,683.26324,632.9204,1399.525245,-51.06375227,991.0150146
313,许昌市,河南省,317city,289,317city,1470.4177,1424.5311,1511.2053,1312.8702,1104.9138,978.41705,877.30054,906.3999,976.42163,832.98816,778.78284,803.1606,993.25574,807.05786,607.17847,714.8982,499.4773,1406.448144,-53.75251441,976.4279785
314,宣城市,安徽省,318city,290,318city,1188.7155,1100.4316,969.2268,1008.9164,817.0428,855.2231,629.1809,681.7873,676.964,573.4087,437.66034,373.35843,389.44348,343.91486,305.02637,353.11182,304.23505,1103.67932,-57.02133141,647.5089722
315,雅安市,四川省,319city,112,319city,2634.6548,1940.6279,1826.217,1835.6461,1826.6155,1594.286,1475.8809,1492.4731,1697.792,1419.5477,1215.2866,2056.7148,1157.8792,1135.8383,870.7585,857.2134,876.4336,2166.761392,-80.30204593,1524.339966
316,烟台市,山东省,320city,64,320city,2011.624,2427.4983,1696.8253,1731.9285,1437.8447,1433.9442,1697.6915,1427.428,1498.5281,1399.4727,1231.544,1055.3965,901.0699,1354.5945,1443.4739,1375.0813,1203.4032,1911.068677,-52.65308126,1489.839966
317,延安市,陕西省,321city,291,321city,3418.6128,2540.661,2269.7285,1952.3695,1690.447,1321.8079,1429.8042,1136.1348,1136.4231,974.1864,1007.02075,958.6764,934.01355,669.8487,772.485,834.17426,800.79126,2449.965535,-130.8987439,1402.780029
318,延边朝鲜族自治州,吉林省,322city,292,322city,1784.8811,1618.0259,1662.3744,1519.8613,1521.3414,1414.4495,1259.0602,1590.855,1002.26624,1060.6069,1013.4054,974.47974,974.9063,939.67,853.1915,908.9961,684.2666,1733.319576,-63.85143549,1222.51001
319,盐城市,江苏省,323city,293,323city,1094.2683,870.0363,820.7128,835.197,834.09607,822.5147,669.6197,917.49084,674.33765,731.622,562.2354,616.2831,543.8624,543.2481,518.1022,530.6273,373.5815,970.0105716,-33.32606058,703.4019775
320,扬州市,江苏省,324city,294,324city,1135.9082,1132.143,1285.5881,1233.457,1069.2385,1155.6047,978.2315,996.12225,963.40436,731.4252,731.7539,553.2834,437.11765,395.34064,490.3598,542.86707,296.72583,1319.199125,-61.01333813,831.09198
321,阳江市,广东省,325city,25,325city,796.31744,711.72516,729.0676,807.6743,663.36847,749.8156,664.88464,645.3436,662.6473,513.4725,494.9726,428.8327,418.2113,359.40515,401.49207,408.30594,317.4275,821.4905431,-30.82628923,574.8800049
322,阳泉市,山西省,326city,65,326city,4080.675,3925.5017,3227.2483,3010.5327,2850.6243,2726.1313,2399.5745,2186.7927,2420.752,2257.5007,2056.4446,1681.7646,1612.6992,1540.035,1596.142,1652.904,1454.6823,3623.443517,-153.8127558,2392.939941
323,伊春市,黑龙江省,327city,330,327city,1045.3457,846.0215,1166.3142,1311.2695,1079.7441,1085.125,1006.07263,777.82635,1011.1184,900.29,934.3833,886.8446,1077.457,961.43054,943.0833,886.29114,736.7754,1095.418396,-14.46117626,979.7290039
324,伊犁哈萨克自治州,新疆维吾尔自治区,328city,373,328city,2977.0686,2838.6074,2967.414,3016.199,2726.189,2835.113,2474.022,2636.465,2576.4624,1771.6426,1775.6426,1630.5541,1461.6011,1683.5106,1630.9996,1612.084,1462.4143,3147.968719,-113.5255797,2239.76001
325,宜宾市,四川省,329city,113,329city,2569.3228,2186.4937,2113.5454,1604.9313,1649.498,1548.0952,1639.6376,1614.8347,1450.8866,1356.4915,1440.1469,1410.6489,957.9115,855.8015,696.69324,697.95233,653.6626,2258.186334,-102.5192208,1438.030029
326,宜昌市,湖北省,330city,295,330city,1343.0544,1098.5746,1072.1888,936.1832,1031.802,949.2156,880.96106,901.0868,950.4773,854.6013,811.6372,777.70496,588.0449,710.2827,516.7219,508.1627,482.1632,1199.913703,-44.01228086,847.8150024
327,宜春市,江西省,331city,296,331city,1660.5549,1201.5933,1195.8701,1024.6576,966.0858,973.4479,893.6034,871.1175,919.56195,715.3291,586.68585,641.6328,627.9205,555.5833,538.79443,484.85858,452.47864,1314.051678,-59.03752121,841.7520142
328,益阳市,湖南省,332city,297,332city,1529.8405,1344.3057,1443.7229,1267.587,1314.6226,1322.7274,1216.354,1072.1863,1213.3271,1101.5103,900.71014,940.1471,845.49585,802.24536,719.4724,670.6229,605.10675,1516.510283,-54.93154817,1077.060059
329,银川市,宁夏回族自治区,333city,377,333city,1884.046,1341.1031,1147.0818,1087.1179,1087.1936,932.35974,1059.8542,840.096,906.7119,803.4551,929.181,914.6836,1032.521,912.36487,818.62836,787.2003,870.9652,1322.742155,-37.73568232,1020.859985
330,鹰潭市,江西省,334city,298,334city,1246.8632,1129.1333,1082.3049,1117.2273,1023.49646,1030.9838,862.50555,912.01306,820.46436,885.0396,630.4931,638.8761,639.8596,577.32574,546.5972,465.64124,496.58493,1217.225908,-48.43699257,829.7299805
331,营口市,辽宁省,335city,299,335city,1235.5394,1350.6053,1138.0226,1067.6421,917.2399,1058.5327,646.47705,660.8157,478.80157,635.4596,457.8629,608.78656,557.9192,450.38193,431.0742,498.75296,379.74014,1197.008227,-57.17269105,739.6270142
332,永州市,湖南省,336city,300,336city,1962.3168,1707.9014,1628.5139,1299.9156,1869.5642,1494.304,1357.6343,1312.4501,1338.1597,1206.5955,876.8497,898.5858,811.5165,723.2685,639.5386,615.2266,605.7138,1871.560164,-84.32697042,1196.939941
333,榆林市,陕西省,337city,301,337city,4830.848,4188.289,3767.6362,3570.7832,3140.9468,2740.7017,2951.6484,2372.0454,2649.935,1869.6398,1625.7042,1578.9474,1697.3792,1343.247,1555.486,1465.8008,1354.7747,4152.977544,-205.123569,2511.98999
334,玉林市,广西壮族自治区,338city,392,338city,1106.7552,1163.7654,1088.091,1231.385,1289.7266,1055.6545,941.72217,834.93097,784.7303,654.50793,650.15027,713.4366,545.3148,431.01654,455.12054,432.1654,345.87485,1273.506267,-58.27395944,807.3150024
335,玉树藏族自治州,青海省,339city,8,339city,2989.8696,2986.0596,3093.1733,3024.565,2833.2832,2976.919,2946.7183,2848.0515,2774.3384,2920.227,2848.5237,2765.9277,2827.4207,2759.883,2916.18,2882.4832,2770.6646,3002.696974,-13.83500701,2892.02002
336,玉溪市,云南省,340city,302,340city,1531.0249,1137.797,1142.5685,1261.3868,1408.6384,1020.9177,1014.917,1032.0837,1038.8295,1083.3755,1034.3668,1041.9053,955.58527,986.6777,909.1998,916.635,829.71436,1306.437343,-28.410379,1079.150024
337,岳阳市,湖南省,341city,303,341city,1069.7197,1080.0876,1093.2228,968.11084,1007.50287,921.5805,808.57306,876.306,895.88104,715.91455,686.515,579.7311,702.8469,538.20355,601.43634,495.90854,478.50177,1120.158018,-40.60767671,795.2969971
338,云浮市,广东省,342city,26,342city,908.692,932.3071,858.08826,900.2948,836.1939,822.786,748.7163,659.1449,695.9739,610.536,633.54376,562.70703,521.39935,428.5246,481.92444,434.66376,349.3957,961.7010354,-36.50018939,669.7000122
339,运城市,山西省,343city,66,343city,3037.4048,2740.044,2618.1672,2512.636,2535.7925,1816.8943,2307.2234,2315.3904,2313.3594,2100.5483,1933.8356,2015.5493,2396.4644,1898.5537,1816.508,1931.3828,1627.4591,2735.1993,-63.09687476,2230.419922
340,枣庄市,山东省,344city,67,344city,2151.7273,2649.7124,2363.5576,1647.3348,1512.7388,1347.9722,1058.377,1112.4896,1257.8376,1188.4077,1018.7246,1054.4987,934.0022,913.5313,766.8192,819.72015,617.9708,2132.832646,-101.7848014,1318.550049
341,湛江市,广东省,345city,27,345city,1437.8518,1452.4711,1525.9775,1464.8203,1442.376,1322.6923,1149.2592,1080.7606,943.2722,934.7754,929.4902,1008.8691,800.1492,825.89954,1048.4546,803.24475,598.6162,1523.942159,-52.48556504,1104.060059
342,张家界市,湖南省,346city,304,346city,2393.0322,1624.8566,1558.6838,1244.3491,1735.6165,1504.1827,1230.9751,1095.1648,1301.0947,1061.714,1074.2834,1278.9307,820.8095,801.5112,783.4109,671.90027,652.4508,1855.72333,-78.78184001,1225.469971
343,张家口市,河北省,347city,125,347city,3995.9644,4058.9514,3179.29,3391.6416,3110.8704,3402.8516,2913.355,2826.2664,2789.1553,1933.4607,2377.9229,1962.5327,2057.8745,2913.4004,2349.043,2315.962,2404.227,3661.812361,-104.9120669,2822.52002
344,张掖市,甘肃省,348city,305,348city,3438.7925,3184.9612,3026.579,3011.226,2876.5527,3115.6902,2891.3103,2863.4133,2551.2603,2066.2798,2385.5444,2036.8372,2172.435,1972.6788,1961.429,2038.3951,1851.8822,3343.183888,-98.44749181,2555.600098
345,漳州市,福建省,349city,306,349city,1249.7611,1351.5995,1177.0973,1199.0579,1132.354,1126.8904,942.8073,1021.6085,953.0695,790.2045,845.958,678.3102,589.9837,628.35547,641.5823,528.3626,562.36707,1324.055783,-52.1292572,907.0219727
346,长春市,吉林省,350city,307,350city,2117.1836,2486.7366,2107.2463,1919.6707,1552.9333,2044.2141,2133.438,1474.7621,1198.7498,1407.1884,1213.3759,1432.5544,1580.7598,1401.644,1435.8119,1339.807,1239.2886,2148.193556,-62.01416225,1652.079956
347,长沙市,湖南省,351city,308,351city,908.1399,853.8528,935.4584,815.82874,866.80945,822.5936,830.26013,786.33105,755.05536,665.6987,550.9837,450.7182,565.24817,512.1319,425.61707,394.85336,426.54272,967.5045429,-35.89304389,680.3599854
348,长治市,山西省,352city,68,352city,3581.1602,3215.817,2517.782,2334.227,2119.5664,1822.8109,1964.768,1649.4878,1814.5742,1729.312,1668.3545,1195.3772,1227.5266,1235.343,1215.3651,1199.591,1069.3436,2905.131714,-131.0796527,1856.48999
349,昭通市,云南省,353city,309,353city,4826.989,4632.6143,4762.151,3956.0752,3915.5479,3319.5554,3072.2134,2955.915,3161.1895,2634.7227,2637.7686,2943.9045,1535.1268,1807.3062,1471.8004,1289.7987,1120.4924,4813.840351,-233.7655547,2943.719971
350,肇庆市,广东省,354city,28,354city,713.5676,708.9077,609.6466,686.33936,628.0701,566.11926,533.3219,498.02985,509.30923,409.6002,440.14374,427.2343,368.35635,313.58807,331.83273,299.16235,267.51584,718.2314357,-28.67050837,488.8670044
351,镇江市,江苏省,355city,310,355city,1066.8944,991.8672,1111.454,1138.2235,768.0706,1051.6526,784.495,749.7035,798.02637,655.548,622.044,545.59045,547.1329,445.9059,540.2435,618.1369,472.52676,1094.185204,-41.86494782,759.2659912
352,郑州市,河南省,356city,311,356city,1414.5337,1313.7826,1255.5089,1000.2818,799.5563,731.2018,601.8273,720.5558,710.4788,628.7127,557.32336,521.4861,729.91736,569.85986,429.41614,489.81042,367.28146,1193.483254,-54.76236022,755.3839722
353,中山市,广东省,357city,29,357city,786.39276,727.4989,700.1821,751.2119,702.2856,753.27295,785.1482,764.3137,836.3876,738.77734,580.53094,666.5544,709.1066,690.7531,720.6703,632.8524,635.1891,769.8538435,-6.664613312,716.5369873
354,中卫市,宁夏回族自治区,358city,378,358city,4446.349,3910.6577,3692.2617,4020.4238,4075.1328,3470.7742,3285.6377,3287.3154,3793.4258,2958.69,3057.6108,2604.9604,2797.985,2306.9128,2561.1594,2837.3347,2522.0996,4188.986874,-114.588571,3272.280029
355,重庆市,重庆市,359city,317,359city,2053.1226,1429.5999,1474.1532,1285.2661,1232.9288,1390.7908,1173.6407,1116.5986,1099.4111,1042.7559,881.18774,915.83014,643.9779,652.9464,596.25903,580.398,494.86328,1675.883837,-76.66393385,1062.569946
356,舟山市,浙江省,360city,41,360city,638.78406,414.95798,423.6302,457.13245,409.24902,359.07477,380.19666,386.06204,318.15192,368.84302,308.6621,338.41833,408.0722,403.48148,377.97943,419.11996,310.09274,461.475407,-8.258629144,395.4060059
357,周口市,河南省,361city,312,361city,1781.1631,1556.2615,1786.317,1716.3743,1438.8165,1352.6028,1081.2874,1208.314,1347.9785,1086.9617,977.7629,1028.3379,857.74536,871.0894,803.98926,886.9981,693.53613,1736.437994,-66.49933968,1204.439941
358,珠海市,广东省,362city,30,362city,594.99585,554.87006,611.77673,597.30975,584.8642,620.46844,638.88,625.93134,659.5798,606.0294,484.62363,542.5195,519.0134,541.13965,578.1585,394.0333,358.50446,644.3942554,-10.60297312,559.5700073
359,株洲市,湖南省,363city,313,363city,1241.675,1138.5378,1087.4501,967.6315,999.8681,976.0123,932.776,985.76807,936.9229,863.19135,666.8632,611.60846,675.35846,628.0548,557.6662,490.6177,450.18585,1204.316808,-46.05292533,835.8930054
360,驻马店市,河南省,364city,314,364city,2686.4453,2020.2216,1927.0615,2117.0393,1567.5681,1466.8545,1213.187,1307.3994,1487.5975,1126.308,986.7862,1109.8726,975.08496,810.3248,849.44257,925.9093,708.72205,2164.97066,-99.40203319,1369.75
361,资阳市,四川省,365city,114,365city,2387.4976,1702.1409,1708.1859,1517.25,1355.2383,1605.002,1651.0496,1527.2207,1368.5916,1259.5775,1065.2329,1039.9507,1026.6454,896.41315,919.65393,804.7493,826.7193,1941.872562,-76.10819828,1333.01001
362,淄博市,山东省,366city,42,366city,1897.1401,2347.4922,2041.1909,1523.8376,1549.783,1471.7136,1546.2166,1396.6326,1398.5454,1466.7344,1395.1816,1125.7422,1049.7017,1203.2893,1116.2246,916.5305,739.88965,2005.000402,-72.78794771,1422.699951
363,自贡市,四川省,367city,94,367city,2093.8281,1890.7234,1613.8599,1392.1655,1173.075,1586.71,1951.7502,1474.5219,1425.0115,1244.0974,1653.5044,1285.5507,1068.4978,912.7002,936.76416,744.8885,912.63025,1885.48759,-63.91919319,1374.130005
364,遵义市,贵州省,368city,127,368city,4078.0488,3164.4316,3539.8965,2249.796,3019.691,2855.0435,2331.339,2184.0466,2155.7751,2186.0356,2015.8134,1444.3004,1063.3737,906.55786,830.5404,846.9478,688.7761,3640.719528,-193.6163131,2091.790039
